GPSTime,Time,NR_gNBId,NR_CellId,NR_PCI,NR_DlFreq,NR_UlFreq,NR_BandWidth,NR_MeaObjNum,GPSLongitude,GPSLatitude,GPSHeigh,NR_OptimalAvgRsrp,NR_OptimalAvgSinr,NR_OptimalAvgRsrq,NR_OptimalAvgRssi,NR_CSI_RS_Single_RSRP_Rx_avg,NR_CSI_RS_Single_SINR_Rx_avg,NR_UL_MCS_1,NR_PUSCH_BLER_1(%),NR_UL_Rate_PHY_1,NR_UL_Rate_PDCP_MCG,NR_UL_Rate_PDCP_SCG,NR_CQIValue_1,NR_UL_RI,NR_DL_RB,NR_PDSCH_BLER_1(%),NR_DL_RI,NR_DLStreamNumTotal,NR_DL_Rate_PHY_1,NR_DL_Rate_PDCP_SCG,NR_DL_Rate_PDCP_MCG,NR_CSI_RS_Single_TB0_CQI,NR_CSI_RS_Multi_TB0_CQI
2019/3/3/ 17:0:52,17:00:52,311,3,594,3450000,3450000,100,2,0.0,0.0,0.0,-74.97,32.7,-11.15,-51.64,-77.0,33.0,27,0.0,506.8,0,0.0,255,1.0,NaN,0.0,0.0,0,0.0,0.0,0,15,NaN
2019/3/3/ 17:0:53,17:00:53,311,3,594,3450000,3450000,100,2,0.0,0.0,0.0,-75.16,32.79,-11.12,-51.77,-77.0,32.8125,27,0.0,506.8,0,0.0,255,1.0,NaN,0.0,0.0,0,0.0,0.0,0,15,NaN
2019/3/3/ 17:0:54,17:00:54,311,3,594,3450000,3450000,100,2,0.0,0.0,0.0,-74.84,32.79,-11.16,-51.53,-77.0625,33.0,27,0.0,506.8,0,0.0,255,1.0,NaN,0.0,0.0,0,0.0,0.0,0,15,NaN
2019/3/3/ 17:0:55,17:00:55,311,3,594,3450000,3450000,100,2,0.0,0.0,0.0,-74.98,32.7,-11.09,-51.64,-76.9375,33.4375,27,0.0,506.8,0,0.0,255,1.0,NaN,0.0,0.0,0,0.0,0.0,0,15,NaN
2019/3/3/ 17:0:56,17:00:56,311,3,594,3450000,3450000,100,2,0.0,0.0,0.0,-74.84,32.93,-11.15,-51.54,-76.9375,33.1875,27,0.0,506.8,0,0.0,255,1.0,NaN,0.0,0.0,0,0.0,0.0,0,15,NaN
2019/3/3/ 17:0:57,17:00:57,311,3,594,3450000,3450000,100,2,0.0,0.0,0.0,-74.69,33.09,-11.34,-51.38,-76.9375,33.0,27,0.0,506.8,0,0.0,255,1.0,NaN,0.0,0.0,0,0.0,0.0,0,15,NaN
2019/3/3/ 17:0:58,17:00:58,311,3,594,3450000,3450000,100,2,0.0,0.0,0.0,-75.01,33.01,-11.22,-51.64,-76.875,33.375,27,0.0,505.16,0,0.0,255,1.0,NaN,47.62,0.0,0,41809.37,321.024,0,15,NaN
2019/3/3/ 17:0:59,17:00:59,311,3,594,3450000,3450000,100,2,0.0,0.0,0.0,-75.26,30.83,-11.11,-51.87,-77.3125,30.875,26,0.0,484.8,0,0.0,255,1.0,267,1.86,4.0,1316,1414776.0,1326319.0,0,15,NaN
2019/3/3/ 17:1:0,17:01:00,311,3,594,3450000,3450000,100,2,0.0,0.0,0.0,-75.38,30.58,-10.92,-52.17,-77.3125,30.625,26,0.0,484.8,0,0.0,255,1.0,272,0.07,4.0,1400,1447209.0,1438956.0,0,15,NaN
2019/3/3/ 17:1:1,17:01:01,311,3,594,3450000,3450000,100,2,0.0,0.0,0.0,-75.08,30.77,-10.99,-51.91,-77.3125,31.125,26,0.0,484.8,0,0.0,255,1.0,272,0.0,4.0,1400,1448357.0,1440105.0,0,15,NaN
2019/3/3/ 17:1:2,17:01:02,311,3,594,3450000,3450000,100,2,0.0,0.0,0.0,-75.2,30.55,-10.98,-52.01,-77.125,30.8125,26,0.0,484.8,0,0.0,255,1.0,272,0.0,4.0,1400,1448357.0,1440088.0,0,15,NaN
2019/3/3/ 17:1:3,17:01:03,311,3,594,3450000,3450000,100,2,0.0,0.0,0.0,-75.34,30.67,-11.17,-51.94,-77.25,30.875,26,0.0,484.8,0,0.0,255,1.0,272,0.0,4.0,1400,1448357.0,1440857.0,0,15,NaN
2019/3/3/ 17:1:4,17:01:04,311,3,594,3450000,3450000,100,2,0.0,0.0,0.0,-75.19,30.95,-11.12,-51.95,-77.3125,30.4375,26,0.0,484.8,0,0.0,255,1.0,272,0.0,4.0,1400,1448357.0,1440055.0,0,15,NaN
2019/3/3/ 17:1:5,17:01:05,311,3,594,3450000,3450000,100,2,0.0,0.0,0.0,-75.17,31.0,-11.06,-51.97,-77.25,30.75,26,0.0,484.8,0,0.0,255,1.0,272,0.0,4.0,1400,1448357.0,1439362.0,0,15,NaN
2019/3/3/ 17:1:6,17:01:06,311,3,594,3450000,3450000,100,2,0.0,0.0,0.0,-75.49,30.82,-11.08,-52.09,-77.4375,29.8125,26,0.0,484.8,0,0.0,255,1.0,272,0.0,4.0,1400,1448357.0,1440088.0,0,15,NaN
2019/3/3/ 17:1:7,17:01:07,311,3,594,3450000,3450000,100,2,0.0,0.0,0.0,-75.66,30.25,-11.15,-52.25,-77.3125,29.9375,26,0.0,484.8,0,0.0,255,1.0,272,0.0,4.0,1400,1448357.0,1440080.0,0,15,NaN
2019/3/3/ 17:1:8,17:01:08,311,3,594,3450000,3450000,100,2,0.0,0.0,0.0,-75.28,30.7,-10.93,-51.95,-77.3125,29.875,26,0.0,484.8,0,0.0,255,1.0,272,0.0,4.0,1400,1448357.0,1440866.0,0,15,NaN
2019/3/3/ 17:1:9,17:01:09,311,3,594,3450000,3450000,100,2,0.0,0.0,0.0,-75.23,31.05,-10.95,-51.85,-77.3125,29.875,26,0.0,484.8,0,0.0,255,1.0,272,0.0,4.0,1400,1448357.0,1440055.0,0,15,NaN
2019/3/3/ 17:1:10,17:01:10,311,3,594,3450000,3450000,100,2,0.0,0.0,0.0,-75.26,30.91,-10.97,-51.92,-77.3125,30.125,26,0.0,484.8,0,0.0,255,1.0,272,0.0,4.0,1400,1448357.0,1440105.0,0,15,NaN
2019/3/3/ 17:1:11,17:01:11,311,3,594,3450000,3450000,100,2,0.0,0.0,0.0,-74.65,31.09,-10.91,-51.55,-77.4375,29.6875,26,0.0,484.8,0,0.0,255,1.0,272,0.0,4.0,1400,1448357.0,1439370.0,0,15,NaN
2019/3/3/ 17:1:12,17:01:12,311,3,594,3450000,3450000,100,2,0.0,0.0,0.0,-75.7,30.54,-11.05,-52.43,-77.5,29.75,26,0.0,484.8,0,0.0,255,1.0,272,4.0,4.0,1400,1375051.0,1367182.0,0,15,NaN
2019/3/3/ 17:1:13,17:01:13,311,3,594,3450000,3450000,100,2,0.0,0.0,0.0,-75.34,30.6,-10.96,-52.17,-77.375,30.375,26,0.0,484.8,0,0.0,255,1.0,272,0.0,4.0,1400,1448357.0,1440823.0,0,15,NaN
2019/3/3/ 17:1:14,17:01:14,311,3,594,3450000,3450000,100,2,0.0,0.0,0.0,-75.78,30.46,-11.0,-52.54,-77.3125,30.4375,26,0.0,484.8,0,0.0,255,1.0,272,0.0,4.0,1400,1448357.0,1439362.0,0,15,NaN
2019/3/3/ 17:1:15,17:01:15,311,3,594,3450000,3450000,100,2,0.0,0.0,0.0,-75.32,30.84,-11.01,-51.98,-77.4375,30.4375,26,0.0,484.8,0,0.0,255,1.0,272,0.0,4.0,1400,1448357.0,1440072.0,0,15,NaN
2019/3/3/ 17:1:16,17:01:16,311,3,594,3450000,3450000,100,2,0.0,0.0,0.0,-75.78,30.58,-11.0,-52.57,-77.375,29.8125,26,0.0,484.8,0,0.0,255,1.0,272,0.0,4.0,1400,1448357.0,1440114.0,0,15,NaN
2019/3/3/ 17:1:17,17:01:17,311,3,594,3450000,3450000,100,2,0.0,0.0,0.0,-75.4,30.47,-11.05,-52.07,-77.5,30.0,26,0.0,484.8,0,0.0,255,1.0,272,0.0,4.0,1400,1448357.0,1440046.0,0,15,NaN
2019/3/3/ 17:1:18,17:01:18,311,3,594,3450000,3450000,100,2,0.0,0.0,0.0,-75.56,30.23,-11.01,-52.19,-77.5,29.8125,26,0.0,484.8,0,0.0,255,1.0,272,0.0,4.0,1400,1448357.0,1440866.0,0,15,NaN
2019/3/3/ 17:1:19,17:01:19,311,3,594,3450000,3450000,100,2,0.0,0.0,0.0,-75.7,30.55,-11.08,-52.28,-77.5,29.6875,26,0.0,484.8,0,0.0,255,1.0,272,0.36,4.0,1400,1442619.0,1433660.0,0,15,NaN
2019/3/3/ 17:1:20,17:01:20,311,3,594,3450000,3450000,100,2,0.0,0.0,0.0,-75.87,30.96,-10.72,-52.2,-77.25,30.1875,26,0.0,484.8,0,0.0,255,1.0,272,5.21,3.9,1400,1259469.0,1281553.0,0,15,NaN
2019/3/3/ 17:1:21,17:01:21,311,3,594,3450000,3450000,100,2,0.0,0.0,0.0,-76.89,29.62,-10.85,-53.3,-76.4375,30.625,26,4.66,570.336,0,0.0,255,1.0,272,7.97,3.0,1392,955080.3,964322.4,0,15,NaN
2019/3/3/ 17:1:22,17:01:22,311,3,594,3450000,3450000,100,2,0.0,0.0,0.0,-77.97,28.71,-10.75,-54.54,-76.8125,30.875,26,0.0,484.8,0,0.0,255,1.165,272,13.36,3.1,1400,823215.4,817969.2,0,15,NaN
2019/3/3/ 17:1:23,17:01:23,311,3,594,3450000,3450000,100,2,0.0,0.0,0.0,-75.03,30.79,-10.62,-51.53,-73.625,32.6875,26,0.0,484.8,0,0.0,255,1.0,272,11.86,3.0,1400,781524.4,797694.0,0,15,NaN
2019/3/3/ 17:1:24,17:01:24,311,3,594,3450000,3450000,100,2,0.0,0.0,0.0,-75.76,30.86,-10.6,-52.16,-75.625,32.1875,26,0.0,484.8,0,0.0,255,1.0,272,15.29,2.8,1400,678455.2,679616.3,0,15,NaN
2019/3/3/ 17:1:25,17:01:25,311,3,594,3450000,3450000,100,2,0.0,0.0,0.0,-73.18,33.42,-10.66,-49.22,-72.6875,34.3125,26,0.0,484.8,0,0.0,255,1.0,272,13.07,3.0,1400,645126.6,634275.9,0,15,NaN
2019/3/3/ 17:1:26,17:01:26,311,3,594,3450000,3450000,100,2,0.0,0.0,0.0,-73.26,33.25,-10.19,-49.53,-72.1875,34.9375,26,0.0,484.8,0,0.0,255,1.0,272,9.29,3.0,1400,676198.6,671379.5,0,15,NaN
2019/3/3/ 17:1:27,17:01:27,311,3,594,3450000,3450000,100,2,0.0,0.0,0.0,-70.42,35.48,-10.62,-46.95,-70.75,36.0,26,0.0,484.8,0,0.0,255,1.0,272,13.54,2.9,1396,637350.3,626317.9,0,15,NaN
2019/3/3/ 17:1:28,17:01:28,311,3,594,3450000,3450000,100,2,0.0,0.0,0.0,-72.07,33.75,-10.48,-49.01,-74.25,33.1875,26,0.0,484.8,0,0.0,255,1.0,272,10.29,2.7,1400,601437.4,610317.3,0,15,NaN
2019/3/3/ 17:1:29,17:01:29,311,3,594,3450000,3450000,100,2,0.0,0.0,0.0,-72.4,34.2,-10.06,-49.02,-74.6875,32.875,26,0.0,484.8,0,0.0,255,1.0,272,13.43,2.5,1400,550544.6,549162.3,0,15,NaN
2019/3/3/ 17:1:30,17:01:30,311,3,594,3450000,3450000,100,2,0.0,0.0,0.0,-75.17,31.85,-10.3,-51.86,-78.875,29.5,26,0.0,484.8,0,0.0,255,1.0,272,10.64,2.8,1400,576205.4,568381.4,0,14,NaN
2019/3/3/ 17:1:31,17:01:31,311,3,594,3450000,3450000,100,2,0.0,0.0,0.0,-78.81,27.4,-10.47,-55.41,-80.0,27.875,26,0.0,484.8,0,0.0,255,1.0,272,19.73,3.0,1400,507443.0,503695.1,0,14,NaN
2019/3/3/ 17:1:32,17:01:32,311,3,594,3450000,3450000,100,2,0.0,0.0,0.0,-78.44,27.3,-10.93,-54.57,-77.25,30.375,26,0.0,484.8,0,0.0,255,1.0,272,8.14,3.0,1400,524400.9,518462.2,0,15,NaN
2019/3/3/ 17:1:33,17:01:33,311,3,594,3450000,3450000,100,2,0.0,0.0,0.0,-72.58,32.54,-10.56,-48.84,-71.75,34.875,26,0.0,484.8,0,0.0,255,1.0,272,16.07,2.9,1400,547228.4,538762.8,0,15,NaN
2019/3/3/ 17:1:34,17:01:34,311,3,594,3450000,3450000,100,2,0.0,0.0,0.0,-68.4,36.37,-10.25,-44.95,-69.0625,37.0,26,0.0,484.8,0,0.0,255,1.0,272,8.79,2.0,1400,595862.6,598870.3,0,15,NaN
2019/3/3/ 17:1:35,17:01:35,311,3,594,3450000,3450000,100,2,0.0,0.0,0.0,-73.89,31.32,-10.62,-50.49,-75.5625,31.0625,26,0.0,484.8,0,0.0,255,1.0,272,17.71,2.3,1400,532608.4,525845.8,0,15,NaN
2019/3/3/ 17:1:36,17:01:36,311,3,594,3450000,3450000,100,2,0.0,0.0,0.0,-77.23,27.26,-10.25,-53.67,-74.625,31.5625,26,0.0,484.8,0,0.0,255,1.0,272,16.29,2.5,1400,462602.6,472412.2,0,15,NaN
2019/3/3/ 17:1:37,17:01:37,311,3,594,3450000,3450000,100,2,0.0,0.0,0.0,-75.33,28.74,-10.5,-51.76,-75.5625,32.125,26,0.0,484.8,0,0.0,255,1.0,272,9.0,2.0,1400,424052.0,427367.4,0,15,NaN
2019/3/3/ 17:1:38,17:01:38,311,3,594,3450000,3450000,100,2,0.0,0.0,0.0,-78.93,22.39,-10.43,-55.37,-80.6875,26.5625,26,0.66,484.8,0,0.0,255,1.0,272,7.71,1.5,1400,335910.3,332462.6,0,14,NaN
2019/3/3/ 17:1:39,17:01:39,311,3,594,3450000,3450000,100,2,0.0,0.0,0.0,-84.47,17.37,-10.28,-60.94,-83.1875,26.25,26,0.5,484.8,0,0.0,255,1.0,272,12.57,2.4,1400,423386.5,410598.2,0,12,NaN
2019/3/3/ 17:1:40,17:01:40,311,3,594,3450000,3450000,100,2,0.0,0.0,0.0,-82.27,17.02,-10.75,-58.43,-83.8125,27.0,26,13.5,484.8,0,0.0,255,1.0,272,22.79,2.8,1400,406913.2,402665.5,0,14,NaN
2019/3/3/ 17:1:41,17:01:41,311,3,594,3450000,3450000,100,2,0.0,0.0,0.0,-83.49,16.51,-10.61,-60.01,-84.25,27.3125,25,29.16,479.87199999999996,0,0.0,255,1.09,272,8.36,3.0,1400,456159.3,447397.7,0,14,NaN
2019/3/3/ 17:1:42,17:01:42,311,3,594,3450000,3450000,100,2,0.0,0.0,0.0,-87.65,15.51,-10.81,-63.85,-86.25,25.875,24,7.83,427.776,0,0.0,255,1.0,272,16.21,2.9,1400,463170.4,471744.8,0,14,NaN
2019/3/3/ 17:1:43,17:01:43,311,3,594,3450000,3450000,100,2,0.0,0.0,0.0,-88.21,18.35,-10.56,-64.82,-88.4375,24.1875,22,14.33,398.584,0,0.0,255,1.06,272,11.29,2.4,1400,410486.0,405689.9,0,13,NaN
2019/3/3/ 17:1:44,17:01:44,311,3,594,3450000,3450000,100,2,0.0,0.0,0.0,-90.88,15.07,-10.22,-67.19,-89.9375,22.5,22,9.16,361.056,0,0.0,255,1.0,272,24.14,2.0,1400,299844.9,298755.1,0,12,NaN
2019/3/3/ 17:1:45,17:01:45,311,3,594,3450000,3450000,100,2,0.0,0.0,0.0,-89.66,16.55,-10.56,-66.17,-88.6875,23.0,22,9.16,360.096,0,0.0,255,1.0,272,14.71,2.2,1400,298020.3,290425.3,0,12,NaN
2019/3/3/ 17:1:46,17:01:46,311,3,594,3450000,3450000,100,2,0.0,0.0,0.0,-91.02,17.36,-10.56,-67.69,-89.4375,23.5625,21,8.16,354.624,0,0.0,255,1.0,272,12.43,2.1,1400,353601.6,348015.4,0,13,NaN
2019/3/3/ 17:1:47,17:01:47,311,3,594,3450000,3450000,100,2,0.0,0.0,0.0,-92.45,9.91,-11.18,-67.98,-93.5,18.125,21,7.16,351.216,0,0.0,255,1.0,271,44.95,1.6,1397,192399.9,196593.4,0,8,NaN
2019/3/3/ 17:1:48,17:01:48,311,3,594,3450000,3450000,100,2,0.0,0.0,0.0,-92.87,14.7,-10.62,-69.18,-93.3125,20.4375,21,9.33,353.472,0,0.0,255,1.0,272,11.0,1.1,1400,292685.8,295654.7,0,10,NaN
2019/3/3/ 17:1:49,17:01:49,311,3,594,3450000,3450000,100,2,0.0,0.0,0.0,-88.97,18.04,-10.25,-65.63,-90.5625,21.5625,21,8.83,354.43199999999996,0,0.0,255,1.0,272,15.0,2.0,1400,296555.7,287595.3,0,12,NaN
2019/3/3/ 17:1:50,17:01:50,311,3,594,3450000,3450000,100,2,0.0,0.0,0.0,-88.32,20.45,-10.69,-64.67,-90.6875,21.5625,21,9.16,352.416,0,0.0,255,1.0,272,8.86,2.0,1400,401310.9,397613.6,0,12,NaN
2019/3/3/ 17:1:51,17:01:51,311,3,594,3450000,3450000,100,2,0.0,0.0,0.0,-92.7,15.16,-10.56,-69.28,-94.6875,18.75,21,4.83,347.184,0,0.0,255,1.0,272,19.93,1.9,1400,308731.8,308183.1,0,9,NaN
2019/3/3/ 17:1:52,17:01:52,311,3,594,3450000,3450000,100,2,0.0,0.0,0.0,-95.35,14.03,-10.54,-71.75,-95.4375,20.125,21,8.5,348.096,0,0.0,255,1.0,272,13.14,2.0,1400,316421.1,320238.3,0,10,NaN
2019/3/3/ 17:1:53,17:01:53,311,3,594,3450000,3450000,100,2,0.0,0.0,0.0,-95.92,14.3,-10.67,-72.2,-95.1875,19.5,21,8.83,342.096,0,0.0,255,1.0,272,16.43,2.0,1400,254466.0,255526.7,0,10,NaN
2019/3/3/ 17:1:54,17:01:54,311,3,594,3450000,3450000,100,2,0.0,0.0,0.0,-95.62,15.52,-11.29,-71.56,-94.5,21.75,21,10.83,352.12800000000004,0,0.0,255,1.0,272,12.93,1.9,1400,286568.8,279603.5,0,11,NaN
2019/3/3/ 17:1:55,17:01:55,311,3,594,3450000,3450000,100,2,0.0,0.0,0.0,-95.56,13.97,-10.79,-71.86,-94.8125,21.0,21,7.0,350.88,0,0.0,255,1.0,272,13.79,2.1,1400,252450.5,258905.9,0,11,NaN
2019/3/3/ 17:1:56,17:01:56,311,3,594,3450000,3450000,100,2,0.0,0.0,0.0,-92.34,15.15,-10.55,-68.73,-91.125,24.0,24,10.5,428.856,0,0.0,255,1.0,272,18.14,2.0,1400,257591.7,245329.9,0,13,NaN
2019/3/3/ 17:1:57,17:01:57,311,3,594,3450000,3450000,100,2,0.0,0.0,0.0,-92.76,15.57,-10.69,-69.04,-91.0625,16.625,24,8.66,427.472,0,0.0,255,1.0,272,12.07,2.0,1400,248709.9,255383.0,0,9,NaN
2019/3/3/ 17:1:58,17:01:58,311,3,594,3450000,3450000,100,2,0.0,0.0,0.0,-87.95,20.97,-10.5,-64.14,-87.0,22.5,22,12.16,383.408,0,0.0,255,1.0,272,13.43,2.0,1400,259056.7,255966.0,0,13,NaN
2019/3/3/ 17:1:59,17:01:59,311,3,594,3450000,3450000,100,2,0.0,0.0,0.0,-86.32,22.93,-10.37,-62.99,-86.9375,21.4375,24,8.33,414.224,0,0.0,255,1.0,272,10.64,2.1,1400,429208.8,414104.1,0,13,NaN
2019/3/3/ 17:2:0,17:02:00,311,3,594,3450000,3450000,100,2,0.0,0.0,0.0,-84.79,23.14,-10.5,-61.22,-85.0,21.125,24,10.5,428.42400000000004,0,0.0,255,1.0,272,5.86,2.0,1400,471621.7,459368.5,0,13,NaN
2019/3/3/ 17:2:1,17:02:01,311,3,594,3450000,3450000,100,2,0.0,0.0,0.0,-86.21,21.8,-10.25,-62.93,-86.1875,20.75,24,9.66,420.96,0,0.0,255,1.0,272,15.14,2.0,1400,390734.7,395324.2,0,13,NaN
2019/3/3/ 17:2:2,17:02:02,311,3,594,3450000,3450000,100,2,0.0,0.0,0.0,-86.84,20.28,-10.24,-63.3,-87.0625,21.125,24,7.16,412.824,0,0.0,255,1.0,272,14.29,2.0,1400,364594.2,369355.0,0,13,NaN
2019/3/3/ 17:2:3,17:02:03,311,3,594,3450000,3450000,100,2,0.0,0.0,0.0,-85.5,23.42,-10.3,-62.2,-86.0,24.1875,24,10.83,435.16,0,0.0,255,1.0,272,23.29,2.0,1400,262907.4,267032.8,0,13,NaN
2019/3/3/ 17:2:4,17:02:04,311,3,594,3450000,3450000,100,2,0.0,0.0,0.0,-89.75,19.43,-10.56,-66.18,-89.875,19.3125,25,4.83,454.024,0,0.0,255,1.0,272,8.43,1.8,1400,269601.7,270471.2,0,10,NaN
2019/3/3/ 17:2:5,17:02:05,311,3,594,3450000,3450000,100,2,0.0,0.0,0.0,-88.87,20.03,-10.25,-65.79,-87.9375,22.6875,22,2.16,392.98400000000004,0,0.0,255,1.0,272,16.86,2.0,1400,230965.1,238672.9,0,14,NaN
2019/3/3/ 17:2:6,17:02:06,311,3,594,3450000,3450000,100,2,0.0,0.0,0.0,-90.33,18.2,-10.68,-66.64,-89.5625,18.9375,26,15.83,515.7280000000001,0,0.0,255,1.08,272,17.87,2.2,1399,229783.8,217620.5,0,10,NaN
2019/3/3/ 17:2:7,17:02:07,311,3,594,3450000,3450000,100,2,0.0,0.0,0.0,-92.22,15.72,-11.23,-68.37,-91.9375,14.8125,25,9.66,448.80800000000005,0,0.0,255,1.0,272,8.14,2.0,1400,264128.0,263366.4,0,8,NaN
2019/3/3/ 17:2:8,17:02:08,311,3,594,3450000,3450000,100,2,0.0,0.0,0.0,-89.59,17.93,-10.24,-66.17,-90.75,17.6875,25,10.5,451.616,0,0.0,255,1.0,272,21.5,2.1,1400,222981.3,226288.1,0,10,NaN
2019/3/3/ 17:2:9,17:02:09,311,3,594,3450000,3450000,100,2,0.0,0.0,0.0,-87.21,20.12,-10.37,-63.2,-87.4375,18.4375,26,4.5,482.656,0,0.0,255,1.0,272,10.0,2.0,1400,281481.0,272625.4,0,11,NaN
2019/3/3/ 17:2:10,17:02:10,311,3,594,3450000,3450000,100,2,0.0,0.0,0.0,-89.51,19.66,-10.68,-66.09,-88.6875,17.25,26,8.16,484.36,0,0.0,255,1.0,272,10.07,2.0,1400,288391.1,285356.6,0,10,NaN
2019/3/3/ 17:2:11,17:02:11,311,3,594,3450000,3450000,100,2,0.0,0.0,0.0,-87.06,20.24,-10.49,-63.6,-87.8125,16.375,26,5.16,484.68,0,0.0,255,1.0,272,11.57,2.0,1400,345213.5,335453.2,0,11,NaN
2019/3/3/ 17:2:12,17:02:12,311,3,594,3450000,3450000,100,2,0.0,0.0,0.0,-84.77,22.96,-10.25,-61.3,-86.0,17.875,26,1.16,484.8,0,0.0,255,1.0,272,11.64,2.1,1400,387124.7,384054.5,0,12,NaN
2019/3/3/ 17:2:13,17:02:13,311,3,594,3450000,3450000,100,2,0.0,0.0,0.0,-89.64,19.02,-10.56,-65.93,-90.0625,16.0,26,2.33,484.72,0,0.0,255,1.0,272,16.29,2.0,1400,335384.8,338621.2,0,10,NaN
2019/3/3/ 17:2:14,17:02:14,311,3,594,3450000,3450000,100,2,0.0,0.0,0.0,-85.62,21.0,-10.61,-62.04,-87.875,18.1875,26,0.66,484.8,0,0.0,255,1.0,272,9.43,2.0,1400,378452.9,373325.6,0,11,NaN
2019/3/3/ 17:2:15,17:02:15,311,3,594,3450000,3450000,100,2,0.0,0.0,0.0,-90.45,17.94,-10.29,-66.85,-90.4375,15.875,26,1.33,483.064,0,0.0,255,1.0,272,15.07,2.1,1400,351540.2,354554.1,0,9,NaN
2019/3/3/ 17:2:16,17:02:16,311,3,594,3450000,3450000,100,2,0.0,0.0,0.0,-91.79,14.27,-10.91,-68.15,-90.625,14.6875,26,10.33,484.08,0,0.0,255,1.0,272,8.29,2.0,1400,345564.3,341890.6,0,9,NaN
2019/3/3/ 17:2:17,17:02:17,311,3,594,3450000,3450000,100,2,0.0,0.0,0.0,-91.14,14.24,-10.25,-67.84,-90.5625,17.75,26,4.83,484.2,0,0.0,255,1.0,272,16.29,2.1,1400,315646.7,316774.7,0,11,NaN
2019/3/3/ 17:2:18,17:02:18,311,3,594,3450000,3450000,100,2,0.0,0.0,0.0,-90.9,13.59,-10.53,-67.51,-91.375,18.1875,26,10.16,484.8,0,0.0,255,1.0,272,13.93,2.1,1400,300933.9,298442.5,0,10,NaN
2019/3/3/ 17:2:19,17:02:19,311,3,594,3450000,3450000,100,2,0.0,0.0,0.0,-90.22,14.32,-10.93,-66.23,-90.1875,18.875,26,9.83,479.616,0,0.0,255,1.0,272,10.57,2.0,1400,326491.4,326126.6,0,12,NaN
2019/3/3/ 17:2:20,17:02:20,311,3,594,3450000,3450000,100,2,0.0,0.0,0.0,-87.3,18.17,-10.3,-63.94,-88.0625,23.1875,26,11.16,474.8,0,0.0,255,1.0,272,17.36,2.4,1400,311382.8,304727.8,0,13,NaN
2019/3/3/ 17:2:21,17:02:21,311,3,594,3450000,3450000,100,2,0.0,0.0,0.0,-88.82,17.51,-10.31,-65.5,-88.5625,23.5625,25,9.0,449.8,0,0.0,255,1.0,272,9.93,2.0,1400,330416.0,334422.5,0,12,NaN
2019/3/3/ 17:2:22,17:02:22,311,3,594,3450000,3450000,100,2,0.0,0.0,0.0,-88.8,17.48,-10.44,-65.51,-89.9375,19.5625,24,9.16,430.13599999999997,0,0.0,255,1.0,272,22.93,2.0,1400,265480.4,271569.4,0,11,NaN
2019/3/3/ 17:2:23,17:02:23,311,3,594,3450000,3450000,100,2,0.0,0.0,0.0,-89.17,16.54,-10.69,-65.39,-90.375,19.3125,24,8.66,435.184,0,0.0,255,1.0,272,9.79,2.1,1400,265792.2,257343.0,0,10,NaN
2019/3/3/ 17:2:24,17:02:24,311,3,594,3450000,3450000,100,2,0.0,0.0,0.0,-91.72,14.46,-10.49,-68.57,-91.125,17.3125,22,10.16,372.208,0,0.0,255,1.0,272,12.5,2.0,1400,225713.6,232353.8,0,10,NaN
2019/3/3/ 17:2:25,17:02:25,311,3,594,3450000,3450000,100,2,0.0,0.0,0.0,-88.72,18.15,-10.25,-65.45,-88.1875,21.1875,25,8.16,445.7599,0,0.0,255,1.0,272,21.79,2.3,1400,228657.3,217857.0,0,12,NaN
2019/3/3/ 17:2:26,17:02:26,311,3,594,3450000,3450000,100,2,0.0,0.0,0.0,-91.07,16.25,-10.37,-67.53,-90.5,14.9375,23,9.66,407.464,0,0.0,255,1.0,272,11.71,1.4,1400,180293.0,189775.9,0,10,NaN
2019/3/3/ 17:2:27,17:02:27,311,3,594,3450000,3450000,100,2,0.0,0.0,0.0,-90.94,17.83,-10.5,-67.51,-90.875,13.875,23,7.33,403.4481,0,0.0,255,1.0,272,12.57,1.1,1400,170767.9,166256.6,0,9,NaN
2019/3/3/ 17:2:28,17:02:28,311,3,594,3450000,3450000,100,2,0.0,0.0,0.0,-90.25,20.25,-10.5,-66.57,-90.0,17.1875,23,9.5,392.87199999999996,0,0.0,255,1.0,272,17.21,1.8,1400,201636.5,194168.8,0,12,NaN
2019/3/3/ 17:2:29,17:02:29,311,3,594,3450000,3450000,100,2,0.0,0.0,0.0,-89.06,21.22,-10.5,-65.32,-87.0625,23.75,23,10.66,404.12,0,0.0,255,1.0,272,16.29,1.8,1400,210946.4,212095.5,0,14,NaN
2019/3/3/ 17:2:30,17:02:30,311,3,594,3450000,3450000,100,2,0.0,0.0,0.0,-87.55,23.02,-10.12,-64.07,-86.3125,25.125,24,10.66,420.13599999999997,0,0.0,255,1.0,272,27.36,1.4,1400,199629.8,200868.1,0,14,NaN
2019/3/3/ 17:2:31,17:02:31,311,3,594,3450000,3450000,100,2,0.0,0.0,0.0,-86.69,24.23,-10.7,-63.27,-85.8125,26.3125,23,10.5,388.0,0,0.0,255,1.0,272,34.14,1.0,1400,186935.0,186776.8,0,14,NaN
2019/3/3/ 17:2:32,17:02:32,311,3,594,3450000,3450000,100,2,0.0,0.0,0.0,-87.11,23.31,-10.24,-63.86,-86.0625,22.25,22,9.33,382.01599999999996,0,0.0,255,1.0,272,23.02,1.7,1399,212096.7,196449.8,0,12,NaN
2019/3/3/ 17:2:33,17:02:33,311,3,594,3450000,3450000,100,2,0.0,0.0,0.0,-89.46,20.29,-10.18,-66.7,-88.625,21.0625,23,7.16,398.30400000000003,0,0.0,255,1.0,272,10.57,1.0,1400,283929.1,282974.2,0,13,NaN
2019/3/3/ 17:2:34,17:02:34,311,3,594,3450000,3450000,100,2,0.0,0.0,0.0,-95.57,15.07,-10.56,-72.43,-96.25,12.9375,22,5.33,361.88,0,0.0,255,1.0,272,12.07,1.2,1400,233679.0,241131.3,0,7,NaN
2019/3/3/ 17:2:35,17:02:35,311,3,594,3450000,3450000,100,2,0.0,0.0,0.0,-98.83,11.7,-10.62,-75.32,-98.125,7.3125,19,5.16,291.072,0,0.0,255,1.0,272,7.0,1.4,1400,182115.0,179562.3,0,5,NaN
2019/3/3/ 17:2:36,17:02:36,311,3,594,3450000,3450000,100,2,0.0,0.0,0.0,-101.54,8.37,-11.03,-77.58,-101.6875,3.6875,20,6.5,316.128,0,0.0,255,1.0,272,7.43,2.0,1400,206515.8,205134.3,0,3,NaN
2019/3/3/ 17:2:37,17:02:37,311,3,594,3450000,3450000,100,2,0.0,0.0,0.0,-102.44,5.15,-12.29,-77.61,-103.0,1.875,20,10.0,320.832,0,0.0,255,1.0,272,9.5,2.0,1400,181326.9,181809.4,0,2,NaN
2019/3/3/ 17:2:38,17:02:38,311,3,594,3450000,3450000,100,2,0.0,0.0,0.0,-104.9,1.64,-12.98,-79.11,-105.1875,-0.25,18,8.5,275.496,0,0.0,255,1.0,272,8.71,2.0,1400,165915.1,165673.7,0,1,NaN
2019/3/3/ 17:2:39,17:02:39,311,3,594,3450000,3450000,100,2,0.0,0.0,0.0,-105.56,0.44,-13.8,-78.62,-105.8125,-0.5,17,9.16,272.096,0,0.0,255,1.0,272,9.86,2.0,1399,149856.7,152503.3,0,8,NaN
2019/3/3/ 17:2:40,17:02:40,311,3,594,3450000,3450000,100,2,0.0,0.0,0.0,-107.17,-1.06,-14.14,-80.23,-106.6875,0.5625,17,4.83,272.64799999999997,0,0.0,255,1.0,272,8.93,2.0,1400,141862.4,139113.2,0,8,NaN
2019/3/3/ 17:2:41,17:02:41,311,3,594,3450000,3450000,100,2,0.0,0.0,0.0,-108.82,-3.06,-15.41,-80.48,-108.3125,-1.75,19,10.0,287.808,0,0.0,255,1.0,272,8.86,2.0,1400,143563.4,142720.5,0,8,NaN
2019/3/3/ 17:2:42,17:02:42,311,3,594,3450000,3450000,100,2,0.0,0.0,0.0,-109.93,-3.01,-15.5,-81.7,-109.125,-1.4375,19,8.16,274.656,0,0.0,255,1.0,272,10.0,2.0,1400,144226.4,144503.0,0,8,NaN
2019/3/3/ 17:2:43,17:02:43,311,3,594,3450000,3450000,100,2,0.0,0.0,0.0,-110.04,-2.07,-14.29,-82.8,-110.75,-2.5,19,8.66,285.384,0,0.0,255,1.0,272,9.29,2.0,1400,127559.6,129567.0,0,7,NaN
2019/3/3/ 17:2:44,17:02:44,311,3,594,3450000,3450000,100,2,0.0,0.0,0.0,-113.28,-5.82,-17.87,-82.47,-110.9375,-3.0625,18,9.5,260.568,0,0.0,255,1.0,272,9.57,2.0,1400,101530.4,101992.7,0,7,NaN
2019/3/3/ 17:2:45,17:02:45,312,1,605,3450000,3450000,100,2,0.0,0.0,0.0,-106.92,3.62,-11.87,-81.69,-106.0625,4.875,23,35.48,561.248,0,13.92,255,1.0,271,13.91,2.0,1351,91149.81,88061.95,0,10,NaN
2019/3/3/ 17:2:46,17:02:46,312,1,605,3450000,3450000,100,2,0.0,0.0,0.0,-104.39,6.14,-11.47,-80.07,-103.375,8.25,22,12.66,395.36,0,0.0,255,1.085213,272,13.81,2.0,1399,104452.1,105034.0,0,12,NaN
2019/3/3/ 17:2:47,17:02:47,312,1,605,3450000,3450000,100,2,0.0,0.0,0.0,-105.72,6.66,-11.48,-81.35,-105.4375,6.75,23,9.0,387.088,0,0.0,255,1.058333,272,30.09,1.7,1400,92324.71,94060.04,0,11,NaN
2019/3/3/ 17:2:48,17:02:48,312,1,605,3450000,3450000,100,2,0.0,0.0,0.0,-101.28,9.3,-10.93,-77.36,-102.5625,9.6875,24,9.16,427.184,0,0.0,255,1.0,271,58.55,1.1,1400,65471.02,64449.8,0,12,NaN
2019/3/3/ 17:2:49,17:02:49,312,1,605,3450000,3450000,100,2,0.0,0.0,0.0,-102.6,7.54,-11.63,-78.63,-104.9375,7.1875,25,8.5,447.176,0,0.0,255,1.0,271,51.7,1.1,1400,77225.48,69907.2,0,7,NaN
2019/3/3/ 17:2:50,17:02:50,312,1,605,3450000,3450000,100,2,0.0,0.0,0.0,-101.89,9.61,-10.89,-78.31,-104.25,8.5,25,11.0,484.408,0,0.0,255,1.0,272,10.0,2.0,1400,145047.1,143616.0,0,7,NaN
2019/3/3/ 17:2:51,17:02:51,312,1,605,3450000,3450000,100,2,0.0,0.0,0.0,-103.33,8.43,-10.62,-79.61,-103.9375,8.875,26,0.33,484.8,0,0.0,255,1.081667,272,13.96,2.0,1400,136418.4,142120.7,0,8,NaN
2019/3/3/ 17:2:52,17:02:52,312,1,605,3450000,3450000,100,2,0.0,0.0,0.0,-103.83,8.91,-10.87,-80.06,-105.25,7.5,26,0.0,484.8,0,0.0,255,1.0,271,52.21,1.4,1397,77318.06,75846.15,0,7,NaN
2019/3/3/ 17:2:53,17:02:53,312,1,605,3450000,3450000,100,2,0.0,0.0,0.0,-102.67,9.12,-10.81,-78.71,-104.75,7.3125,26,0.0,484.8,0,0.0,255,1.0,272,54.14,1.0,1400,68637.83,68656.9,0,7,NaN
2019/3/3/ 17:2:54,17:02:54,312,1,605,3450000,3450000,100,2,0.0,0.0,0.0,-104.82,6.53,-11.65,-80.48,-103.9375,9.375,26,0.0,484.8,0,0.0,255,1.0,272,32.07,1.4,1400,104529.9,98545.92,0,8,NaN
2019/3/3/ 17:2:55,17:02:55,312,1,605,3450000,3450000,100,2,0.0,0.0,0.0,-103.97,6.93,-11.36,-79.78,-103.25,9.5625,26,0.0,484.8,0,0.0,255,1.0,272,13.07,2.0,1400,129078.7,132735.0,0,8,NaN
2019/3/3/ 17:2:56,17:02:56,312,1,605,3450000,3450000,100,2,0.0,0.0,0.0,-102.92,8.99,-10.62,-79.21,-103.375,9.5,26,0.0,484.8,0,0.0,255,1.0,272,27.02,2.6,1399,122056.5,117385.0,0,8,NaN
2019/3/3/ 17:2:57,17:02:57,312,1,605,3450000,3450000,100,2,0.0,0.0,0.0,-102.54,8.63,-10.99,-78.67,-103.125,9.5,26,0.0,484.8,0,0.0,255,1.0,272,19.21,3.4,1400,138046.1,134559.8,0,8,NaN
2019/3/3/ 17:2:58,17:02:58,312,1,605,3450000,3450000,100,2,0.0,0.0,0.0,-102.69,8.35,-11.07,-78.87,-103.375,9.4375,26,0.0,484.8,0,0.0,255,1.0,272,18.57,3.6,1400,143012.2,142289.7,0,8,NaN
2019/3/3/ 17:2:59,17:02:59,312,1,605,3450000,3450000,100,2,0.0,0.0,0.0,-102.56,8.14,-11.33,-78.45,-103.375,9.25,26,0.0,484.8,0,0.0,255,1.0,272,12.93,3.7,1400,152058.9,150433.5,0,8,NaN
2019/3/3/ 17:3:0,17:03:00,312,1,605,3450000,3450000,100,2,0.0,0.0,0.0,-102.68,8.39,-10.97,-78.69,-103.3125,9.4375,26,0.0,484.8,0,0.0,255,1.0,272,13.43,3.8,1400,149762.8,149014.3,0,8,NaN
2019/3/3/ 17:3:1,17:03:01,312,1,605,3450000,3450000,100,2,0.0,0.0,0.0,-102.29,9.38,-10.91,-78.41,-103.125,10.0625,26,0.0,484.8,0,0.0,255,1.0,272,30.36,2.9,1400,120445.6,125444.4,0,8,NaN
2019/3/3/ 17:3:2,17:03:02,312,1,605,3450000,3450000,100,2,0.0,0.0,0.0,-102.87,8.67,-10.91,-79.16,-103.625,9.625,26,0.0,484.8,0,0.0,255,1.0,271,53.21,1.5,1400,80354.83,81075.46,0,8,NaN
2019/3/3/ 17:3:3,17:03:03,312,1,605,3450000,3450000,100,2,0.0,0.0,0.0,-102.99,8.63,-10.99,-79.12,-103.5625,9.4375,26,0.0,484.8,0,0.0,255,1.0,271,54.71,1.1,1400,77261.94,76640.26,0,8,NaN
2019/3/3/ 17:3:4,17:03:04,312,1,605,3450000,3450000,100,2,0.0,0.0,0.0,-102.79,8.73,-11.1,-78.81,-103.8125,9.0,26,0.0,484.8,0,0.0,255,1.0,271,53.71,1.1,1400,77653.85,75322.38,0,8,NaN
2019/3/3/ 17:3:5,17:03:05,312,1,605,3450000,3450000,100,2,0.0,0.0,0.0,-103.3,8.08,-10.91,-79.57,-104.1875,8.4375,26,0.0,484.8,0,0.0,255,1.0,272,46.21,1.6,1400,87904.82,83153.66,0,7,NaN
2019/3/3/ 17:3:6,17:03:06,312,1,605,3450000,3450000,100,2,0.0,0.0,0.0,-102.56,8.36,-11.1,-78.49,-103.75,9.0625,26,0.0,484.8,0,0.0,255,1.0,272,28.79,2.8,1400,121125.2,122833.9,0,8,NaN
2019/3/3/ 17:3:7,17:03:07,312,1,605,3450000,3450000,100,2,0.0,0.0,0.0,-103.09,8.21,-10.97,-79.31,-103.6875,9.25,26,0.0,484.8,0,0.0,255,1.0,272,26.43,2.9,1400,124945.5,125309.2,0,8,NaN
2019/3/3/ 17:3:8,17:03:08,312,1,605,3450000,3450000,100,2,0.0,0.0,0.0,-105.19,7.33,-11.41,-81.04,-105.4375,7.75,26,0.0,484.8,0,0.0,255,1.0,272,42.14,2.1,1400,95354.23,95715.84,0,7,NaN
2019/3/3/ 17:3:9,17:03:09,312,1,605,3450000,3450000,100,2,0.0,0.0,0.0,-103.39,8.57,-10.87,-79.58,-104.125,9.0625,26,0.0,484.72,0,0.0,255,1.0,272,54.0,1.0,1400,68783.28,68454.15,0,7,NaN
2019/3/3/ 17:3:10,17:03:10,312,1,605,3450000,3450000,100,2,0.0,0.0,0.0,-103.59,8.45,-11.25,-79.32,-103.375,9.9375,26,0.0,484.8,0,0.0,255,1.0,271,51.43,1.4,1400,79931.3,78321.41,0,8,NaN
2019/3/3/ 17:3:11,17:03:11,312,1,605,3450000,3450000,100,2,0.0,0.0,0.0,-103.94,7.63,-11.24,-79.81,-103.875,9.1875,26,0.16,484.8,0,0.0,255,1.0,272,55.36,1.1,1400,71200.39,71917.83,0,8,NaN
2019/3/3/ 17:3:12,17:03:12,312,1,605,3450000,3450000,100,2,0.0,0.0,0.0,-104.32,7.58,-11.25,-79.98,-103.625,9.5,26,0.0,484.8,0,0.0,255,1.0,272,52.5,1.3,1400,76765.93,76167.17,0,8,NaN
2019/3/3/ 17:3:13,17:03:13,312,1,605,3450000,3450000,100,2,0.0,0.0,0.0,-104.68,8.12,-11.36,-80.53,-104.375,8.25,26,0.0,484.8,0,0.0,255,1.0,271,56.79,1.0,1400,69404.78,68977.92,0,7,NaN
2019/3/3/ 17:3:14,17:03:14,312,1,605,3450000,3450000,100,2,0.0,0.0,0.0,-106.98,5.49,-11.72,-82.57,-103.9375,9.1875,26,3.16,484.12,0,0.0,255,1.0,271,55.29,1.2,1400,72691.93,72238.85,0,7,NaN
2019/3/3/ 17:3:15,17:03:15,312,1,605,3450000,3450000,100,2,0.0,0.0,0.0,-104.72,8.24,-10.93,-80.5,-103.875,9.625,26,0.33,484.8,0,0.0,255,1.0,272,29.79,1.5,1400,111159.0,105118.5,0,7,NaN
2019/3/3/ 17:3:16,17:03:16,312,1,605,3450000,3450000,100,2,0.0,0.0,0.0,-105.73,7.82,-11.18,-81.58,-103.875,10.125,25,15.66,508.76,0,0.0,255,1.0,272,17.07,2.4,1400,133499.2,135522.8,0,8,NaN
2019/3/3/ 17:3:17,17:03:17,312,1,605,3450000,3450000,100,2,0.0,0.0,0.0,-105.85,7.17,-11.37,-81.61,-103.3125,10.8125,25,9.33,443.256,0,0.0,255,1.121667,271,57.21,1.3,1400,76375.34,78127.11,0,9,NaN
2019/3/3/ 17:3:18,17:03:18,312,1,605,3450000,3450000,100,2,0.0,0.0,0.0,-106.11,7.39,-11.79,-81.72,-103.1875,11.25,25,8.66,443.44,0,0.0,255,1.0,271,59.21,1.0,1400,73477.57,72872.45,0,9,NaN
2019/3/3/ 17:3:19,17:03:19,312,1,605,3450000,3450000,100,2,0.0,0.0,0.0,-102.82,9.21,-10.87,-78.42,-102.6875,11.875,25,9.83,440.2,0,0.0,255,1.0,271,57.14,1.4,1400,82577.65,81692.16,0,9,NaN
2019/3/3/ 17:3:20,17:03:20,312,1,605,3450000,3450000,100,2,0.0,0.0,0.0,-101.65,10.25,-10.61,-77.93,-103.625,10.375,24,8.5,428.67199999999997,0,0.0,255,1.0,271,57.86,1.1,1400,77810.81,76969.73,0,8,NaN
2019/3/3/ 17:3:21,17:03:21,312,1,605,3450000,3450000,100,2,0.0,0.0,0.0,-101.77,10.85,-10.68,-78.07,-104.25,9.25,24,11.66,413.4,0,0.0,255,1.0,271,56.43,1.1,1400,72735.96,71073.03,0,7,NaN
2019/3/3/ 17:3:22,17:03:22,312,1,605,3450000,3450000,100,2,0.0,0.0,0.0,-104.18,8.74,-11.06,-80.28,-103.5625,9.8125,22,7.83,380.88,0,0.0,255,1.0,271,56.0,1.4,1400,76341.92,75026.7,0,8,NaN
2019/3/3/ 17:3:23,17:03:23,312,1,605,3450000,3450000,100,2,0.0,0.0,0.0,-104.35,8.98,-11.04,-80.45,-104.375,9.4375,22,9.16,376.36800000000005,0,0.0,255,1.0,271,57.07,1.1,1400,73607.72,73751.05,0,7,NaN
2019/3/3/ 17:3:24,17:03:24,312,1,605,3450000,3450000,100,2,0.0,0.0,0.0,-106.35,7.94,-11.22,-82.23,-103.4375,10.25,21,8.16,357.168,0,0.0,255,1.0,271,56.79,1.1,1400,69812.51,69366.53,0,8,NaN
2019/3/3/ 17:3:25,17:03:25,312,1,605,3450000,3450000,100,2,0.0,0.0,0.0,-101.15,11.24,-10.75,-77.26,-100.25,12.375,21,9.16,353.184,0,0.0,255,1.0,271,58.76,1.1,1399,71508.91,69848.07,0,10,NaN
2019/3/3/ 17:3:26,17:03:26,312,1,605,3450000,3450000,100,2,0.0,0.0,0.0,-102.25,7.75,-11.42,-77.68,-98.25,12.875,21,10.16,348.0,0,0.0,255,1.0,272,19.29,1.7,1400,123344.8,116379.7,0,9,NaN
2019/3/3/ 17:3:27,17:03:27,312,1,605,3450000,3450000,100,2,0.0,0.0,0.0,-101.78,2.89,-12.8,-76.04,-99.1875,6.625,21,7.83,346.51199999999994,0,0.0,255,1.0,272,7.36,2.0,1400,137072.8,136291.6,0,6,NaN
2019/3/3/ 17:3:28,17:03:28,312,1,605,3450000,3450000,100,2,0.0,0.0,0.0,-98.87,7.88,-11.05,-74.75,-96.9375,12.25,21,8.83,343.344,0,0.0,255,1.0,272,23.61,2.0,1398,115571.1,118897.2,0,10,NaN
2019/3/3/ 17:3:29,17:03:29,312,1,605,3450000,3450000,100,2,0.0,0.0,0.0,-95.48,15.24,-10.5,-72.27,-95.9375,16.5625,21,7.0,333.936,0,0.0,255,1.0,272,39.5,1.9,1400,88992.2,90013.45,0,12,NaN
2019/3/3/ 17:3:30,17:03:30,312,1,605,3450000,3450000,100,2,0.0,0.0,0.0,-93.97,15.94,-10.5,-70.4,-94.5625,18.25,21,12.33,335.28,0,0.0,255,1.0,271,59.93,1.0,1400,75387.13,74249.48,0,13,NaN
2019/3/3/ 17:3:31,17:03:31,312,1,605,3450000,3450000,100,2,0.0,0.0,0.0,-99.98,10.72,-10.98,-76.7,-101.0625,11.75,20,7.16,308.4,0,0.0,255,1.0,271,58.36,1.3,1400,74303.55,73894.66,0,8,NaN
2019/3/3/ 17:3:32,17:03:32,312,1,605,3450000,3450000,100,2,0.0,0.0,0.0,-97.51,11.77,-10.8,-73.6,-96.3125,15.9375,21,9.5,352.656,0,0.0,255,1.0,272,27.43,1.6,1400,107208.0,103859.7,0,11,NaN
2019/3/3/ 17:3:33,17:03:33,312,1,605,3450000,3450000,100,2,0.0,0.0,0.0,-94.47,13.59,-10.54,-70.97,-96.875,15.1875,22,9.5,367.68,0,0.0,255,1.0,271,57.64,1.2,1400,73887.56,75575.81,0,11,NaN
2019/3/3/ 17:3:34,17:03:34,312,1,605,3450000,3450000,100,2,0.0,0.0,0.0,-100.17,8.45,-11.43,-76.29,-100.5,8.0625,22,8.33,366.336,0,0.0,255,1.0,271,46.0,1.2,1400,79918.94,75888.39,0,7,NaN
2019/3/3/ 17:3:35,17:03:35,312,1,605,3450000,3450000,100,2,0.0,0.0,0.0,-96.03,13.17,-10.37,-72.22,-96.75,13.0625,20,11.0,305.64,0,0.0,255,1.0,272,36.86,1.9,1400,86111.4,90435.84,0,10,NaN
2019/3/3/ 17:3:36,17:03:36,312,1,605,3450000,3450000,100,2,0.0,0.0,0.0,-98.99,10.83,-10.8,-75.17,-98.9375,12.25,19,5.25,288.976,0,0.0,255,1.0,272,33.16,1.1,1394,66670.59,64500.48,0,7,NaN
2019/3/3/ 17:3:37,17:03:37,312,1,605,3450000,3450000,100,2,0.0,0.0,0.0,-95.68,11.96,-10.62,-71.78,-96.25,12.875,24,9.56,418.98400000000004,0,0.0,255,1.0,272,12.29,1.8,1390,81105.86,78025.73,0,9,NaN
2019/3/3/ 17:3:38,17:03:38,312,1,605,3450000,3450000,100,2,0.0,0.0,0.0,-96.71,11.34,-11.12,-72.83,-94.5625,13.6875,23,10.35,391.152,0,0.0,255,1.0,272,6.88,2.0,1399,102221.8,101984.3,0,9,NaN
2019/3/3/ 17:3:39,17:03:39,312,1,605,3450000,3450000,100,2,0.0,0.0,0.0,-92.37,15.26,-10.5,-68.73,-92.9375,16.5625,25,2.16,453.87199999999996,0,0.0,255,1.0,272,29.61,1.9,1392,93068.02,93907.97,0,15,NaN
2019/3/3/ 17:3:40,17:03:40,312,1,605,3450000,3450000,100,2,0.0,0.0,0.0,-93.25,13.59,-10.62,-69.32,-91.5625,16.75,26,2.5,484.8,0,0.0,255,1.0,271,58.0,1.4,1400,66941.64,65945.09,0,12,NaN
2019/3/3/ 17:3:41,17:03:41,312,1,605,3450000,3450000,100,2,0.0,0.0,0.0,-94.83,12.64,-10.75,-71.1,-90.3125,16.75,26,1.16,484.8,0,0.0,255,1.0,271,54.86,1.0,1400,66558.24,65987.33,0,12,NaN
2019/3/3/ 17:3:42,17:03:42,312,1,605,3450000,3450000,100,2,0.0,0.0,0.0,-89.71,18.04,-10.43,-66.29,-89.1875,18.1875,26,13.0,484.8,0,0.0,255,1.0,271,64.83,1.4,1399,78668.27,71774.21,0,13,NaN
2019/3/3/ 17:3:43,17:03:43,312,1,605,3450000,3450000,100,2,0.0,0.0,0.0,-91.75,16.64,-10.43,-68.29,-92.75,14.5625,23,18.66,413.744,0,0.0,255,1.0,271,59.71,1.0,1400,70391.2,71258.88,0,12,NaN
2019/3/3/ 17:3:44,17:03:44,312,1,605,3450000,3450000,100,2,0.0,0.0,0.0,-94.88,14.32,-10.35,-71.51,-94.625,15.1875,23,3.16,394.384,0,0.0,255,1.046667,271,66.19,1.3,1399,69181.3,43524.1,0,11,NaN
2019/3/3/ 17:3:45,17:03:45,312,1,605,3450000,3450000,100,2,0.0,0.0,0.0,-94.43,12.9,-10.49,-70.68,-92.0625,16.9375,24,7.66,442.08,0,0.0,255,1.0,271,62.21,1.1,1400,72183.21,51338.5,0,11,NaN
2019/3/3/ 17:3:46,17:03:46,312,1,605,3450000,3450000,100,2,0.0,0.0,0.0,-92.74,15.55,-10.62,-69.28,-91.875,15.8125,24,20.0,429.96,0,0.0,255,1.0,271,65.5,1.1,1400,76025.78,72787.97,0,12,NaN
2019/3/3/ 17:3:47,17:03:47,312,1,605,3450000,3450000,100,2,0.0,0.0,0.0,-88.61,19.52,-10.62,-65.31,-89.125,20.75,21,12.5,363.824,0,0.0,255,1.095,271,70.35,1.4,1371,81224.92,81024.77,0,13,NaN
2019/3/3/ 17:3:48,17:03:48,312,1,605,3450000,3450000,100,2,0.0,0.0,0.0,-91.85,13.96,-10.37,-68.24,-90.25,16.875,21,9.66,358.416,0,0.0,255,1.046667,271,68.27,1.0,1356,78376.23,76276.99,0,12,NaN
2019/3/3/ 17:3:49,17:03:49,312,1,605,3450000,3450000,100,2,0.0,0.0,0.0,-87.55,15.19,-10.18,-63.98,-87.25,17.3125,22,9.33,384.048,0,0.0,255,1.0,271,69.41,1.1,1356,80408.96,75018.24,0,13,NaN
2019/3/3/ 17:3:50,17:03:50,312,1,605,3450000,3450000,100,2,0.0,0.0,0.0,-84.74,19.92,-10.37,-61.17,-84.0625,22.75,23,8.5,411.024,0,0.0,255,1.0,271,68.71,1.5,1372,79712.99,79943.43,0,15,NaN
2019/3/3/ 17:3:51,17:03:51,312,1,605,3450000,3450000,100,2,0.0,0.0,0.0,-84.49,20.05,-10.24,-61.06,-85.9375,20.8125,24,7.83,429.44800000000004,0,0.0,255,1.0,271,68.49,1.0,1352,77737.05,77409.03,0,14,NaN
2019/3/3/ 17:3:52,17:03:52,312,1,605,3450000,3450000,100,2,0.0,0.0,0.0,-86.37,18.65,-10.55,-62.95,-87.0,18.625,25,9.83,447.72,0,0.0,255,1.0,271,68.89,1.5,1363,87096.41,81548.55,0,13,NaN
2019/3/3/ 17:3:53,17:03:53,312,1,605,3450000,3450000,100,2,0.0,0.0,0.0,-90.43,13.25,-10.37,-67.07,-87.5,18.1875,26,6.66,481.13599999999997,0,0.0,255,1.0,271,68.36,1.1,1357,78930.55,78245.38,0,13,NaN
2019/3/3/ 17:3:54,17:03:54,312,1,605,3450000,3450000,100,2,0.0,0.0,0.0,-92.15,10.85,-10.8,-68.03,-88.875,16.6875,26,6.94,473.24800000000005,0,0.0,255,1.0,271,73.19,1.0,1346,66496.95,65345.28,0,12,NaN
2019/3/3/ 17:3:55,17:03:55,312,1,605,3450000,3450000,100,2,0.0,0.0,0.0,-90.81,13.0,-10.68,-67.22,-88.3125,17.3125,26,7.11,479.712,0,0.0,255,1.0,271,73.81,1.5,1356,70233.21,58612.23,0,12,NaN
2019/3/3/ 17:3:56,17:03:56,312,1,605,3450000,3450000,100,2,0.0,0.0,0.0,-89.57,15.58,-10.3,-65.88,-88.1875,16.625,26,8.5,484.4,0,0.0,255,1.0,271,70.5,1.0,1353,73284.23,73658.12,0,12,NaN
2019/3/3/ 17:3:57,17:03:57,312,1,605,3450000,3450000,100,2,0.0,0.0,0.0,-87.91,17.08,-10.11,-64.72,-87.0625,18.625,26,1.83,484.8,0,0.0,255,1.0,271,70.08,1.1,1356,79581.29,76057.34,0,13,NaN
2019/3/3/ 17:3:58,17:03:58,312,1,605,3450000,3450000,100,2,0.0,0.0,0.0,-87.36,19.11,-10.55,-63.99,-87.1875,18.875,26,0.0,484.8,0,0.0,255,1.0,271,69.45,1.3,1368,81397.48,81227.52,0,13,NaN
2019/3/3/ 17:3:59,17:03:59,312,1,605,3450000,3450000,100,2,0.0,0.0,0.0,-86.59,18.97,-10.25,-63.39,-87.0625,19.375,26,0.0,484.76,0,0.0,255,1.0,271,70.58,1.2,1357,73927.39,54971.14,0,13,NaN
2019/3/3/ 17:4:0,17:04:00,312,1,605,3450000,3450000,100,2,0.0,0.0,0.0,-85.75,18.4,-10.43,-62.65,-87.0625,19.0625,26,0.0,484.8,0,0.0,255,1.0,271,69.9,1.2,1360,81241.39,80577.03,0,13,NaN
2019/3/3/ 17:4:1,17:04:01,312,1,605,3450000,3450000,100,2,0.0,0.0,0.0,-86.37,17.63,-10.31,-63.12,-87.1875,18.625,26,0.0,484.8,0,0.0,255,1.0,271,68.7,1.1,1366,78246.82,75896.84,0,13,NaN
2019/3/3/ 17:4:2,17:04:02,312,1,605,3450000,3450000,100,2,0.0,0.0,0.0,-86.13,19.51,-10.18,-62.59,-87.5625,19.0625,26,0.0,484.8,0,0.0,255,1.0,271,68.98,1.2,1356,83151.38,82570.76,0,13,NaN
2019/3/3/ 17:4:3,17:04:03,312,1,605,3450000,3450000,100,2,0.0,0.0,0.0,-85.33,20.95,-9.99,-62.08,-86.6875,19.25,26,0.0,484.8,0,0.0,255,1.0,270,70.53,1.4,1365,78630.44,58147.59,0,13,NaN
2019/3/3/ 17:4:4,17:04:04,312,1,605,3450000,3450000,100,2,0.0,0.0,0.0,-85.48,20.01,-10.37,-61.89,-86.1875,19.4375,26,0.66,484.8,0,0.0,255,1.0,271,69.49,1.0,1356,81535.72,78819.84,0,15,NaN
2019/3/3/ 17:4:5,17:04:05,312,1,605,3450000,3450000,100,2,0.0,0.0,0.0,-83.22,20.32,-10.49,-59.72,-84.3125,19.75,26,4.66,484.8,0,0.0,255,1.0,271,71.07,1.4,1363,75148.61,45568.52,0,13,NaN
2019/3/3/ 17:4:6,17:04:06,312,1,605,3450000,3450000,100,2,0.0,0.0,0.0,-84.89,18.87,-10.3,-61.36,-84.75,20.0625,26,2.0,484.8,0,0.0,255,1.0,271,70.32,1.1,1364,74210.56,70329.6,0,13,NaN
2019/3/3/ 17:4:7,17:04:07,312,1,605,3450000,3450000,100,2,0.0,0.0,0.0,-82.81,22.12,-10.56,-59.6,-83.1875,21.4375,26,4.0,484.8,0,0.0,255,1.0,271,71.05,1.3,1360,77118.63,61695.75,0,15,NaN
2019/3/3/ 17:4:8,17:04:08,312,1,605,3450000,3450000,100,2,0.0,0.0,0.0,-82.55,21.96,-10.68,-59.15,-82.1875,22.8125,25,12.16,458.96,0,0.0,255,1.0,271,69.59,1.2,1359,77359.41,69020.16,0,15,NaN
2019/3/3/ 17:4:9,17:04:09,312,1,605,3450000,3450000,100,2,0.0,0.0,0.0,-81.94,21.92,-10.18,-58.65,-81.5,23.3125,24,8.83,435.784,0,0.0,255,1.0,271,70.64,1.2,1359,72968.23,50671.11,0,15,NaN
2019/3/3/ 17:4:10,17:04:10,312,1,605,3450000,3450000,100,2,0.0,0.0,0.0,-81.34,23.24,-10.31,-58.13,-80.25,24.6875,24,9.66,428.42400000000004,0,0.0,255,1.0,271,69.36,1.1,1358,80709.01,59634.43,0,15,NaN
2019/3/3/ 17:4:11,17:04:11,312,1,605,3450000,3450000,100,2,0.0,0.0,0.0,-80.75,24.0,-10.43,-57.41,-80.0,24.875,23,11.5,397.168,0,0.0,255,1.0,271,70.68,1.3,1364,72890.71,61890.05,0,15,NaN
2019/3/3/ 17:4:12,17:04:12,312,1,605,3450000,3450000,100,2,0.0,0.0,0.0,-81.49,18.21,-10.18,-58.06,-80.5625,23.3125,22,8.83,361.48800000000006,0,0.0,255,1.0,271,68.79,1.1,1374,77332.75,67017.98,0,15,NaN
2019/3/3/ 17:4:13,17:04:13,312,1,605,3450000,3450000,100,2,0.0,0.0,0.0,-79.35,23.27,-10.37,-55.83,-78.4375,27.0625,21,10.5,340.848,0,0.0,255,1.0,271,67.43,1.3,1397,79725.66,68445.7,0,15,NaN
2019/3/3/ 17:4:14,17:04:14,312,1,605,3450000,3450000,100,2,0.0,0.0,0.0,-77.53,26.11,-10.31,-54.16,-77.5625,27.0,21,8.66,341.184,0,0.0,255,1.0,271,65.98,1.2,1399,79366.05,71132.16,0,15,NaN
2019/3/3/ 17:4:15,17:04:15,312,1,605,3450000,3450000,100,2,0.0,0.0,0.0,-78.4,27.17,-9.87,-54.85,-77.125,28.75,21,8.5,348.0,0,0.0,255,1.0,271,65.12,1.2,1399,76565.37,68226.05,0,15,NaN
2019/3/3/ 17:4:16,17:04:16,312,1,605,3450000,3450000,100,2,0.0,0.0,0.0,-77.84,29.11,-10.43,-54.49,-77.6875,29.3125,21,9.0,337.10400000000004,0,0.0,255,1.0,271,63.4,1.1,1399,77497.14,76091.14,0,15,NaN
2019/3/3/ 17:4:17,17:04:17,312,1,605,3450000,3450000,100,2,0.0,0.0,0.0,-78.82,28.35,-10.37,-55.32,-78.3125,29.125,21,10.5,330.67199999999997,0,0.0,255,1.0,271,63.21,1.2,1400,75125.93,69315.84,0,15,NaN
2019/3/3/ 17:4:18,17:04:18,312,1,605,3450000,3450000,100,2,0.0,0.0,0.0,-77.91,29.49,-10.31,-54.37,-76.875,31.0625,20,8.83,308.4,0,0.0,255,1.0,271,63.5,1.0,1400,74512.85,70042.38,0,15,NaN
2019/3/3/ 17:4:19,17:04:19,312,1,605,3450000,3450000,100,2,0.0,0.0,0.0,-77.4,29.22,-10.19,-53.94,-75.8125,31.1875,20,9.5,312.768,0,0.0,255,1.0,271,63.36,1.2,1400,69173.74,61180.42,0,15,NaN
2019/3/3/ 17:4:20,17:04:20,312,1,605,3450000,3450000,100,2,0.0,0.0,0.0,-79.8,28.6,-10.3,-56.55,-78.5,29.6875,19,9.0,292.8,0,0.0,255,1.0,271,60.93,1.1,1400,73360.04,71926.27,0,15,NaN
2019/3/3/ 17:4:21,17:04:21,312,1,605,3450000,3450000,100,2,0.0,0.0,0.0,-79.9,29.42,-10.37,-56.39,-78.8125,32.0,19,9.0,283.344,0,0.0,255,1.0,271,55.79,1.3,1400,83199.38,79174.66,0,15,NaN
2019/3/3/ 17:4:22,17:04:22,312,1,605,3450000,3450000,100,2,0.0,0.0,0.0,-78.77,28.39,-10.55,-55.33,-76.5625,31.25,18,11.0,258.744,0,0.0,255,1.0,271,56.64,1.3,1400,76909.22,76319.23,0,15,NaN
2019/3/3/ 17:4:23,17:04:23,312,1,605,3450000,3450000,100,2,0.0,0.0,0.0,-77.76,29.91,-10.37,-54.3,-75.875,33.0625,19,7.0,279.288,0,0.0,255,1.0,271,60.07,1.1,1400,72023.77,69949.45,0,15,NaN
2019/3/3/ 17:4:24,17:04:24,312,1,605,3450000,3450000,100,2,0.0,0.0,0.0,-81.13,27.84,-10.37,-57.69,-77.5,32.4375,19,8.5,283.632,0,0.0,255,1.0,271,60.07,1.1,1400,74750.3,73430.02,0,15,NaN
2019/3/3/ 17:4:25,17:04:25,312,1,605,3450000,3450000,100,2,0.0,0.0,0.0,-83.65,24.95,-10.44,-60.4,-83.0625,25.5,18,8.16,262.488,0,0.0,255,1.0,271,60.79,1.2,1400,74671.78,73691.91,0,15,NaN
2019/3/3/ 17:4:26,17:04:26,312,1,605,3450000,3450000,100,2,0.0,0.0,0.0,-90.27,17.69,-10.37,-67.07,-89.9375,16.875,17,6.66,249.56799999999998,0,0.0,255,1.0,271,43.57,1.4,1400,87064.97,80340.48,0,14,NaN
2019/3/3/ 17:4:27,17:04:27,312,1,605,3450000,3450000,100,2,0.0,0.0,0.0,-86.67,21.72,-10.25,-63.37,-83.3125,24.4375,18,12.0,263.04,0,0.0,255,1.0,272,37.57,1.6,1400,101346.4,105591.6,0,15,NaN
2019/3/3/ 17:4:28,17:04:28,312,1,605,3450000,3450000,100,2,0.0,0.0,0.0,-93.0,18.74,-10.43,-69.9,-92.1875,18.25,17,4.33,245.512,0,0.0,255,1.0,271,59.79,1.4,1400,64673.54,58054.66,0,13,NaN
2019/3/3/ 17:4:29,17:04:29,312,1,605,3450000,3450000,100,2,0.0,0.0,0.0,-91.96,17.98,-10.62,-67.97,-90.5625,21.4375,19,10.0,285.45599999999996,0,0.0,255,1.0,271,39.63,1.6,1398,94176.48,87766.27,0,15,NaN
2019/3/3/ 17:4:30,17:04:30,312,1,605,3450000,3450000,100,2,0.0,0.0,0.0,-93.42,15.45,-10.62,-69.75,-93.0625,20.6875,19,8.16,285.192,0,0.0,255,1.0,272,45.96,1.5,1399,70847.05,70735.11,0,14,NaN
2019/3/3/ 17:4:31,17:04:31,312,1,605,3450000,3450000,100,2,0.0,0.0,0.0,-90.39,17.08,-10.3,-66.81,-88.25,25.25,19,13.66,299.10400000000004,0,0.0,255,1.0,271,58.79,1.2,1400,71719.29,71900.93,0,15,NaN
2019/3/3/ 17:4:32,17:04:32,312,1,605,3450000,3450000,100,2,0.0,0.0,0.0,-92.86,12.69,-10.62,-69.4,-91.5,20.8125,19,6.66,288.98400000000004,0,0.0,255,1.066667,271,63.64,1.0,1400,72120.39,74722.56,0,14,NaN
2019/3/3/ 17:4:33,17:04:33,312,1,605,3450000,3450000,100,2,0.0,0.0,0.0,-93.01,5.98,-11.93,-68.79,-92.375,16.75,20,9.0,343.64,0,0.0,255,1.0,271,32.14,2.0,1400,65341.93,54658.56,0,13,NaN
2019/3/3/ 17:4:34,17:04:34,312,1,605,3450000,3450000,100,2,0.0,0.0,0.0,-94.28,1.16,-13.08,-68.56,-92.8125,20.8125,20,8.33,336.98400000000004,0,0.0,255,1.118333,271,28.64,1.6,1400,84299.98,80382.73,0,14,NaN
2019/3/3/ 17:4:35,17:04:35,312,1,605,3450000,3450000,100,2,0.0,0.0,0.0,-94.74,1.72,-12.66,-68.89,-94.9375,19.0,22,9.0,376.048,0,0.0,255,1.0,271,53.93,1.4,1400,63289.36,54185.47,0,14,NaN
2019/3/3/ 17:4:36,17:04:36,312,1,605,3450000,3450000,100,2,0.0,0.0,0.0,-95.04,0.49,-13.47,-68.28,-93.9375,19.3125,22,8.66,363.376,0,0.0,255,1.0,271,47.86,1.1,1400,66816.69,67769.86,0,14,NaN
2019/3/3/ 17:4:37,17:04:37,312,1,605,3450000,3450000,100,2,0.0,0.0,0.0,-94.19,6.18,-11.49,-69.69,-94.75,18.5625,22,8.33,363.45599999999996,0,0.0,255,1.0,271,37.98,1.2,1398,63825.37,58037.76,0,13,NaN
2019/3/3/ 17:4:38,17:04:38,312,1,605,3450000,3450000,100,2,0.0,0.0,0.0,-92.94,7.36,-11.73,-68.51,-92.125,19.8125,21,14.33,381.184,0,0.0,255,1.0,271,52.5,1.7,1400,68757.51,66511.11,0,13,NaN
2019/3/3/ 17:4:39,17:04:39,312,1,605,3450000,3450000,100,2,0.0,0.0,0.0,-89.91,9.68,-10.8,-65.48,-90.0625,18.5,22,10.5,371.23199999999997,0,0.0,255,1.091667,272,47.86,1.0,1400,64138.4,63579.65,0,13,NaN
2019/3/3/ 17:4:40,17:04:40,312,1,605,3450000,3450000,100,2,0.0,0.0,0.0,-92.17,9.27,-10.74,-68.39,-91.25,15.1875,22,7.0,385.856,0,0.0,255,1.0,271,43.36,1.6,1400,77004.42,76243.2,0,12,NaN
2019/3/3/ 17:4:41,17:04:41,312,1,605,3450000,3450000,100,2,0.0,0.0,0.0,-84.53,16.28,-10.49,-60.75,-84.1875,19.8125,23,11.0,415.184,0,0.0,255,1.0,271,46.57,1.7,1400,80566.56,79740.68,0,15,NaN
2019/3/3/ 17:4:42,17:04:42,312,1,605,3450000,3450000,100,2,0.0,0.0,0.0,-84.8,20.4,-10.49,-61.45,-85.5,23.25,24,9.83,427.31199999999995,0,0.0,255,1.0,271,58.71,1.0,1400,75908.3,75668.74,0,15,NaN
2019/3/3/ 17:4:43,17:04:43,312,1,605,3450000,3450000,100,2,0.0,0.0,0.0,-85.22,19.59,-10.36,-61.98,-85.3125,26.1875,24,8.33,435.144,0,0.0,255,1.0,271,59.14,1.4,1400,84300.52,83221.25,0,15,NaN
2019/3/3/ 17:4:44,17:04:44,312,1,605,3450000,3450000,100,2,0.0,0.0,0.0,-84.75,18.0,-10.3,-61.63,-84.4375,23.6875,26,6.66,478.32800000000003,0,0.0,255,1.0,271,61.57,1.1,1400,77303.3,76716.29,0,15,NaN
2019/3/3/ 17:4:45,17:04:45,312,1,605,3450000,3450000,100,2,0.0,0.0,0.0,-88.52,15.14,-10.49,-65.06,-87.125,21.875,25,9.66,449.32800000000003,0,0.0,255,1.0,271,63.29,1.1,1400,74594.49,71427.84,0,14,NaN
2019/3/3/ 17:4:46,17:04:46,312,1,605,3450000,3450000,100,2,0.0,0.0,0.0,-86.49,13.14,-10.74,-62.97,-84.75,15.5,25,5.5,470.784,0,0.0,255,1.0,271,31.36,1.6,1400,113322.2,105701.4,0,12,NaN
2019/3/3/ 17:4:47,17:04:47,312,1,605,3450000,3450000,100,2,0.0,0.0,0.0,-86.76,12.18,-10.73,-62.97,-85.25,18.6875,26,1.16,484.8,0,0.0,255,1.0,272,26.57,1.9,1400,117609.1,122420.0,0,14,NaN
2019/3/3/ 17:4:48,17:04:48,312,1,605,3450000,3450000,100,2,0.0,0.0,0.0,-86.64,10.74,-11.09,-62.92,-84.4375,17.625,26,1.5,484.8,0,0.0,255,1.0,271,59.29,1.1,1400,76341.55,76200.96,0,14,NaN
2019/3/3/ 17:4:49,17:04:49,312,1,605,3450000,3450000,100,2,0.0,0.0,0.0,-89.1,8.48,-11.86,-64.85,-87.9375,17.5625,26,5.83,480.75199999999995,0,0.0,255,1.0,271,57.93,1.1,1400,73868.68,73734.15,0,13,NaN
2019/3/3/ 17:4:50,17:04:50,312,1,605,3450000,3450000,100,2,0.0,0.0,0.0,-90.52,12.22,-10.74,-67.1,-88.5,19.6875,25,9.83,439.096,0,0.0,255,1.0,271,56.29,1.3,1400,77093.71,76276.99,0,14,NaN
2019/3/3/ 17:4:51,17:04:51,312,1,605,3450000,3450000,100,2,0.0,0.0,0.0,-92.81,6.94,-11.3,-68.69,-91.125,17.8125,23,6.66,405.87199999999996,0,0.0,255,1.0,271,36.86,1.6,1400,88490.03,88737.8,0,12,NaN
2019/3/3/ 17:4:52,17:04:52,312,1,605,3450000,3450000,100,2,0.0,0.0,0.0,-86.13,12.97,-10.43,-62.48,-83.875,22.25,24,14.16,419.69599999999997,0,0.0,255,1.0,272,33.71,1.2,1400,93306.2,86845.45,0,15,NaN
2019/3/3/ 17:4:53,17:04:53,312,1,605,3450000,3450000,100,2,0.0,0.0,0.0,-90.95,9.11,-11.3,-67.05,-90.0625,17.0,23,5.33,395.352,0,0.0,255,1.0,271,44.57,1.6,1400,77808.27,80847.37,0,13,NaN
2019/3/3/ 17:4:54,17:04:54,312,1,605,3450000,3450000,100,2,0.0,0.0,0.0,-90.56,9.33,-10.99,-67.12,-89.0,17.5,25,7.66,452.408,0,0.0,255,1.0,271,51.21,1.3,1400,73689.63,74604.29,0,12,NaN
2019/3/3/ 17:4:55,17:04:55,312,1,605,3450000,3450000,100,2,0.0,0.0,0.0,-91.42,9.89,-10.79,-67.64,-90.5,17.1875,23,10.83,407.376,0,0.0,255,1.0,271,46.93,1.2,1400,64178.84,64018.95,0,13,NaN
2019/3/3/ 17:4:56,17:04:56,312,1,605,3450000,3450000,100,2,0.0,0.0,0.0,-87.61,13.85,-10.62,-64.07,-85.875,19.25,25,8.16,456.8,0,0.0,255,1.0,271,60.57,1.1,1400,70929.08,69155.33,0,14,NaN
2019/3/3/ 17:4:57,17:04:57,312,1,605,3450000,3450000,100,2,0.0,0.0,0.0,-86.31,14.74,-10.68,-62.61,-84.1875,19.6875,23,12.5,403.63199999999995,0,0.0,255,1.0,271,61.0,1.2,1400,74985.95,71039.23,0,15,NaN
2019/3/3/ 17:4:58,17:04:58,312,1,605,3450000,3450000,100,2,0.0,0.0,0.0,-88.22,13.49,-10.65,-64.43,-85.25,19.0625,22,8.33,366.048,0,0.0,255,1.0,271,60.71,1.2,1400,81753.41,81202.18,0,14,NaN
2019/3/3/ 17:4:59,17:04:59,312,1,605,3450000,3450000,100,2,0.0,0.0,0.0,-88.59,11.59,-10.99,-64.64,-86.1875,16.875,25,1.83,467.2,0,0.0,255,1.0,271,61.71,1.1,1400,74640.94,72433.16,0,13,NaN
2019/3/3/ 17:5:0,17:05:00,312,1,605,3450000,3450000,100,2,0.0,0.0,0.0,-88.2,11.48,-10.5,-64.65,-86.875,14.3125,26,3.0,484.8,0,0.0,255,1.0,271,49.0,1.2,1400,74641.63,71664.39,0,12,NaN
2019/3/3/ 17:5:1,17:05:01,312,1,605,3450000,3450000,100,2,0.0,0.0,0.0,-90.16,9.86,-11.15,-66.17,-87.25,13.25,26,8.33,479.0,0,0.0,255,1.0,272,41.71,1.5,1400,80961.52,84015.37,0,10,NaN
2019/3/3/ 17:5:2,17:05:02,312,1,605,3450000,3450000,100,2,0.0,0.0,0.0,-88.1,9.59,-10.99,-63.43,-86.0,13.4375,25,8.33,460.88,0,0.0,255,1.0,272,12.07,1.9,1400,140065.5,132878.6,0,13,NaN
2019/3/3/ 17:5:3,17:05:03,312,1,605,3450000,3450000,100,2,0.0,0.0,0.0,-90.78,8.42,-11.46,-66.29,-89.9375,10.25,25,8.5,438.48,0,0.0,255,1.0,272,9.0,2.0,1400,116880.0,121862.4,0,9,NaN
2019/3/3/ 17:5:4,17:05:04,312,1,605,3450000,3450000,100,2,0.0,0.0,0.0,-89.65,10.89,-11.16,-65.83,-88.3125,13.625,24,10.16,431.832,0,0.0,255,1.0,271,18.8,1.9,1399,105100.5,104848.1,0,10,NaN
2019/3/3/ 17:5:5,17:05:05,312,1,605,3450000,3450000,100,2,0.0,0.0,0.0,-88.04,13.64,-10.31,-64.48,-86.625,12.4375,24,10.16,424.384,0,0.0,255,1.0,272,10.29,1.5,1400,75424.8,74012.93,0,10,NaN
2019/3/3/ 17:5:6,17:05:06,312,1,605,3450000,3450000,100,2,0.0,0.0,0.0,-91.85,7.43,-11.45,-67.45,-89.875,10.0,23,7.5,392.8,0,0.0,255,1.0,272,8.57,1.1,1400,79408.4,75567.37,0,11,NaN
2019/3/3/ 17:5:7,17:05:07,312,1,605,3450000,3450000,100,2,0.0,0.0,0.0,-93.43,5.37,-11.81,-68.84,-90.5625,8.3125,23,9.83,385.704,0,0.0,255,1.0,271,16.71,2.0,1400,74241.84,80196.87,0,7,NaN
2019/3/3/ 17:5:8,17:05:08,312,1,605,3450000,3450000,100,2,0.0,0.0,0.0,-97.53,0.67,-13.26,-71.65,-96.75,1.3125,22,8.66,358.57599999999996,0,0.0,255,1.0,272,6.29,1.2,1400,69052.36,65860.61,0,3,NaN
2019/3/3/ 17:5:9,17:05:09,312,1,605,3450000,3450000,100,2,0.0,0.0,0.0,-100.73,-1.85,-14.58,-72.59,-98.875,-1.1875,22,8.33,360.288,0,0.0,255,1.0,272,8.43,1.0,1400,76434.87,75178.76,0,2,NaN
2019/3/3/ 17:5:10,17:05:10,312,1,605,3450000,3450000,100,2,0.0,0.0,0.0,-101.38,-2.98,-15.54,-71.52,-98.3125,-0.625,21,8.5,362.67199999999997,0,0.0,255,1.0,272,9.5,1.8,1400,97401.03,97760.26,0,2,NaN
2019/3/3/ 17:5:11,17:05:11,312,1,7,3450000,3450000,100,2,0.0,0.0,0.0,-97.81,-3.87,-16.2,-68.79,-98.0,-5.0625,24,42.19,446.8,0,0.0,255,1.0,270,17.47,1.3,1199,82038.63,77544.2,0,5,NaN
2019/3/3/ 17:5:12,17:05:12,312,1,7,3450000,3450000,100,2,0.0,0.0,0.0,-98.06,0.53,-13.61,-71.83,-98.1875,1.0,20,9.83,304.272,0,0.0,255,1.048927,271,9.93,1.8,1400,192537.4,182603.5,0,8,NaN
2019/3/3/ 17:5:13,17:05:13,312,1,7,3450000,3450000,100,2,0.0,0.0,0.0,-95.9,0.54,-13.93,-69.68,-97.125,0.5,20,10.0,307.872,0,0.0,255,1.0,271,9.29,2.0,1400,291456.1,287122.2,0,8,NaN
2019/3/3/ 17:5:14,17:05:14,312,1,7,3450000,3450000,100,2,0.0,0.0,0.0,-97.73,1.77,-12.96,-72.31,-98.0,2.4375,19,10.83,308.064,0,0.0,255,1.0,271,12.26,1.8,1395,243853.6,241807.1,0,10,NaN
2019/3/3/ 17:5:15,17:05:15,312,1,7,3450000,3450000,100,2,0.0,0.0,0.0,-97.75,2.88,-12.47,-72.55,-98.125,3.9375,19,8.0,298.032,0,0.0,255,1.055,271,6.72,1.3,1399,249128.0,247011.1,0,10,NaN
2019/3/3/ 17:5:16,17:05:16,312,1,7,3450000,3450000,100,2,0.0,0.0,0.0,-99.24,0.72,-13.42,-72.96,-97.6875,2.375,19,9.16,297.64799999999997,0,0.0,255,1.0,272,1.29,1.0,1400,269060.4,266821.7,0,10,NaN
2019/3/3/ 17:5:17,17:05:17,312,1,7,3450000,3450000,100,2,0.0,0.0,0.0,-99.25,1.69,-12.81,-74.11,-97.4375,4.625,19,9.33,298.32,0,0.0,255,1.0,272,0.0,1.0,1400,272960.6,271332.9,0,10,NaN
2019/3/3/ 17:5:18,17:05:18,312,1,7,3450000,3450000,100,2,0.0,0.0,0.0,-101.17,-0.7,-13.93,-74.53,-97.5625,2.5625,19,9.0,294.672,0,0.0,255,1.0,272,1.07,1.0,1400,269703.7,268300.0,0,9,NaN
2019/3/3/ 17:5:19,17:05:19,312,1,7,3450000,3450000,100,2,0.0,0.0,0.0,-98.85,-2.32,-15.58,-70.64,-96.875,-0.1875,20,9.83,303.936,0,0.0,255,1.0,272,0.0,1.0,1400,272952.4,271130.1,0,6,NaN
2019/3/3/ 17:5:20,17:05:20,312,1,7,3450000,3450000,100,2,0.0,0.0,0.0,-100.67,-3.33,-15.77,-71.9,-97.5625,-0.0625,20,8.83,302.832,0,0.0,255,1.0,272,0.0,1.0,1400,272960.6,271332.9,0,7,NaN
2019/3/3/ 17:5:21,17:05:21,312,1,605,3450000,3450000,100,1,0.0,0.0,0.0,-96.26,3.14,-12.02,-70.72,-95.5,1.25,20,24.3,389.904,0,0.0,255,1.0,271,14.42,1.2,1347,133953.7,149884.4,0,7,NaN
2019/3/3/ 17:5:22,17:05:22,31,4,7,3450000,3450000,100,1,0.0,0.0,0.0,-94.08,1.6,-13.43,-68.56,-94.9375,0.0625,19,23.24,382.704,0,0.0,255,1.198423,271,7.9,1.0,1183,31390.44,35878.66,0,8,NaN
2019/3/3/ 17:5:23,17:05:23,31,4,7,3450000,3450000,100,2,0.0,0.0,0.0,-95.35,0.34,-13.63,-68.47,-95.0625,0.0,23,34.5,398.352,0,0.0,255,1.138149,271,14.34,1.0,847,116089.9,100902.9,0,7,NaN
2019/3/3/ 17:5:24,17:05:24,31,4,7,3450000,3450000,100,2,0.0,0.0,0.0,-95.74,-1.34,-14.66,-68.07,-97.4375,-2.3125,19,11.83,289.30400000000003,0,0.0,255,1.0,271,6.0,1.0,1399,234178.8,227344.1,0,7,NaN
2019/3/3/ 17:5:25,17:05:25,31,4,7,3450000,3450000,100,2,0.0,0.0,0.0,-94.71,-0.02,-13.78,-67.87,-96.5,-2.5,18,9.0,273.98400000000004,0,0.0,255,1.07,271,2.86,1.0,1400,263533.8,259953.4,0,7,NaN
2019/3/3/ 17:5:26,17:05:26,31,4,7,3450000,3450000,100,2,0.0,0.0,0.0,-95.96,-4.45,-16.44,-66.49,-94.5625,-3.375,19,11.33,289.504,0,0.0,255,1.05,272,0.43,1.0,1400,271666.0,269406.7,0,6,NaN
2019/3/3/ 17:5:27,17:05:27,31,4,7,3450000,3450000,100,2,0.0,0.0,0.0,-98.41,-4.45,-16.81,-67.71,-93.625,-2.3125,19,8.83,286.464,0,0.0,255,1.0,272,0.0,1.0,1400,272960.6,271332.9,0,5,NaN
2019/3/3/ 17:5:28,17:05:28,31,4,605,3450000,3450000,100,2,0.0,0.0,0.0,-94.62,-0.71,-14.65,-67.19,-92.375,1.8125,21,35.06,480.52,0,0.0,255,1.0,271,16.51,1.4,1352,72107.08,89878.27,0,8,NaN
2019/3/3/ 17:5:29,17:05:29,31,4,605,3450000,3450000,100,2,0.0,0.0,0.0,-93.47,-1.88,-14.72,-66.45,-92.0625,1.5625,19,24.0,327.032,0,0.0,255,1.169591,272,7.29,1.9,1400,31799.3,31021.06,0,5,NaN
2019/3/3/ 17:5:30,17:05:30,31,4,7,3450000,3450000,100,1,0.0,0.0,0.0,-92.54,3.4,-12.66,-66.5,-91.0,3.3125,19,22.86,342.56,0,0.0,255,1.168333,271,16.06,1.0,696,14789.23,11649.79,0,9,NaN
2019/3/3/ 17:5:31,17:05:31,31,4,7,3450000,3450000,100,2,0.0,0.0,0.0,-90.66,1.71,-12.9,-65.07,-90.5,1.5,19,21.16,305.13599999999997,0,0.0,255,1.062235,271,10.02,1.7,1329,133577.8,122496.0,0,8,NaN
2019/3/3/ 17:5:32,17:05:32,31,4,7,3450000,3450000,100,2,0.0,0.0,0.0,-92.64,3.0,-12.42,-67.5,-92.0,2.625,18,8.5,264.91200000000003,0,0.0,255,1.0,272,6.8,1.0,1399,225001.0,216471.6,0,8,NaN
2019/3/3/ 17:5:33,17:05:33,31,4,7,3450000,3450000,100,2,0.0,0.0,0.0,-89.32,6.66,-11.12,-64.9,-88.375,8.1875,18,10.33,267.84,0,0.0,255,1.0,272,2.64,1.0,1400,267249.0,263281.9,0,13,NaN
2019/3/3/ 17:5:34,17:05:34,31,4,7,3450000,3450000,100,2,0.0,0.0,0.0,-89.4,7.29,-11.18,-65.14,-88.125,9.0,19,9.0,277.008,0,0.0,255,1.0,272,9.36,1.8,1399,345697.2,348083.0,0,7,NaN
2019/3/3/ 17:5:35,17:05:35,31,4,7,3450000,3450000,100,2,0.0,0.0,0.0,-90.81,4.4,-11.86,-65.95,-89.375,4.8125,19,9.16,274.128,0,0.0,255,1.0,272,1.21,1.1,1400,268806.3,264346.4,0,6,NaN
2019/3/3/ 17:5:36,17:05:36,31,4,7,3450000,3450000,100,2,0.0,0.0,0.0,-88.67,4.01,-11.67,-64.05,-88.125,4.4375,19,8.16,275.232,0,0.0,255,1.0,272,0.71,1.0,1400,270863.1,269254.7,0,7,NaN
2019/3/3/ 17:5:37,17:05:37,31,4,7,3450000,3450000,100,2,0.0,0.0,0.0,-88.13,7.28,-11.18,-64.13,-88.0625,7.625,18,8.66,268.08,0,0.0,255,1.0,272,0.0,1.0,1400,272960.6,271332.9,0,9,NaN
2019/3/3/ 17:5:38,17:05:38,31,4,7,3450000,3450000,100,2,0.0,0.0,0.0,-90.17,3.83,-12.95,-64.61,-88.8125,3.75,18,9.5,263.616,0,0.0,255,1.0,272,0.0,1.0,1400,272960.6,271535.6,0,6,NaN
2019/3/3/ 17:5:39,17:05:39,31,4,7,3450000,3450000,100,2,0.0,0.0,0.0,-93.54,2.26,-12.53,-67.66,-94.8125,0.375,17,7.83,238.90400000000002,0,0.0,255,1.0,272,7.43,1.0,1399,246543.1,247982.6,0,4,NaN
2019/3/3/ 17:5:40,17:05:40,31,4,7,3450000,3450000,100,2,0.0,0.0,0.0,-93.81,2.28,-12.62,-68.25,-92.5,1.625,17,7.66,243.896,0,0.0,255,1.0,272,6.45,1.0,1396,248846.2,245473.5,0,6,NaN
2019/3/3/ 17:5:41,17:05:41,31,4,7,3450000,3450000,100,2,0.0,0.0,0.0,-91.99,5.79,-11.66,-67.58,-90.0625,7.5,18,11.5,266.832,0,0.0,255,1.0,272,4.79,1.0,1400,259002.8,257588.0,0,6,NaN
2019/3/3/ 17:5:42,17:05:42,31,4,7,3450000,3450000,100,2,0.0,0.0,0.0,-91.46,9.47,-10.75,-67.78,-90.4375,9.8125,18,8.0,267.168,0,0.0,255,1.0,272,3.57,1.0,1400,262399.1,260848.9,0,9,NaN
2019/3/3/ 17:5:43,17:05:43,31,4,7,3450000,3450000,100,2,0.0,0.0,0.0,-91.53,9.17,-11.04,-67.4,-89.875,9.3125,18,10.0,268.176,0,0.0,255,1.0,272,3.14,1.0,1400,263554.4,261626.1,0,9,NaN
2019/3/3/ 17:5:44,17:05:44,31,4,7,3450000,3450000,100,2,0.0,0.0,0.0,-86.74,13.6,-10.62,-63.15,-85.875,14.9375,18,10.33,271.872,0,0.0,255,1.0,272,1.93,1.1,1400,277784.6,270141.7,0,12,NaN
2019/3/3/ 17:5:45,17:05:45,31,4,7,3450000,3450000,100,2,0.0,0.0,0.0,-86.6,15.31,-10.37,-63.14,-84.9375,17.5,19,9.66,281.472,0,0.0,255,1.0,272,10.86,2.0,1400,360771.8,354317.6,0,15,NaN
2019/3/3/ 17:5:46,17:05:46,31,4,7,3450000,3450000,100,2,0.0,0.0,0.0,-88.83,15.92,-10.3,-65.61,-89.375,17.5,18,10.5,282.92,0,0.0,255,1.0,272,12.59,1.9,1399,340624.4,348361.8,0,13,NaN
2019/3/3/ 17:5:47,17:05:47,31,4,7,3450000,3450000,100,2,0.0,0.0,0.0,-85.41,18.81,-10.44,-62.2,-86.5625,22.125,19,9.66,294.384,0,0.0,255,1.061667,272,8.43,1.9,1399,368613.1,357527.8,0,15,NaN
2019/3/3/ 17:5:48,17:05:48,31,4,7,3450000,3450000,100,2,0.0,0.0,0.0,-87.21,18.45,-10.37,-63.78,-87.0,22.0,19,8.33,287.232,0,0.0,255,1.0,272,11.94,2.0,1400,360614.7,368518.7,0,15,NaN
2019/3/3/ 17:5:49,17:05:49,31,4,7,3450000,3450000,100,2,0.0,0.0,0.0,-90.31,14.26,-10.69,-67.06,-90.75,16.0625,19,8.83,290.592,0,0.0,255,1.0,272,9.59,1.4,1399,246618.2,245161.0,0,12,NaN
2019/3/3/ 17:5:50,17:05:50,31,4,7,3450000,3450000,100,2,0.0,0.0,0.0,-89.42,14.91,-10.75,-65.89,-88.8125,17.1875,18,13.0,298.872,0,0.0,255,1.0,272,4.5,1.0,1398,259723.9,257740.0,0,12,NaN
2019/3/3/ 17:5:51,17:05:51,31,4,7,3450000,3450000,100,2,0.0,0.0,0.0,-85.72,15.87,-10.5,-62.04,-84.25,19.625,19,10.16,294.768,0,0.0,255,1.103333,272,9.86,1.7,1400,338341.2,327174.2,0,15,NaN
2019/3/3/ 17:5:52,17:05:52,31,4,7,3450000,3450000,100,2,0.0,0.0,0.0,-83.54,18.2,-10.44,-60.15,-82.6875,23.9375,20,9.0,326.35200000000003,0,0.0,255,1.0,272,7.5,2.0,1400,398268.6,391302.9,0,15,NaN
2019/3/3/ 17:5:53,17:05:53,31,4,7,3450000,3450000,100,2,0.0,0.0,0.0,-84.71,17.42,-10.37,-61.12,-83.25,23.875,20,8.66,315.264,0,0.0,255,1.0,272,9.29,2.0,1400,409370.8,405250.6,0,15,NaN
2019/3/3/ 17:5:54,17:05:54,31,4,7,3450000,3450000,100,2,0.0,0.0,0.0,-83.03,19.11,-10.5,-59.52,-83.0,22.8125,19,8.66,285.98400000000004,0,0.0,255,1.0,272,9.57,2.0,1400,405079.0,402918.9,0,15,NaN
2019/3/3/ 17:5:55,17:05:55,31,4,7,3450000,3450000,100,2,0.0,0.0,0.0,-86.51,16.57,-10.37,-63.18,-84.125,24.9375,19,8.66,294.288,0,0.0,255,1.0,272,11.57,2.0,1400,409794.2,417136.9,0,15,NaN
2019/3/3/ 17:5:56,17:05:56,31,4,7,3450000,3450000,100,2,0.0,0.0,0.0,-84.39,18.09,-10.44,-61.0,-83.0,24.375,19,9.5,297.12,0,0.0,255,1.0,272,9.57,1.4,1400,258310.8,262386.4,0,15,NaN
2019/3/3/ 17:5:57,17:05:57,31,4,7,3450000,3450000,100,2,0.0,0.0,0.0,-84.61,16.81,-10.43,-61.08,-82.625,24.625,20,8.66,309.64799999999997,0,0.0,255,1.0,272,4.21,1.0,1400,260518.7,260164.6,0,15,NaN
2019/3/3/ 17:5:58,17:05:58,31,4,7,3450000,3450000,100,2,0.0,0.0,0.0,-83.53,20.05,-10.43,-59.87,-82.625,27.625,21,9.53,331.63199999999995,0,0.0,255,1.0,272,9.86,1.6,1399,249262.9,247678.5,0,15,NaN
2019/3/3/ 17:5:59,17:05:59,31,4,7,3450000,3450000,100,2,0.0,0.0,0.0,-83.31,18.18,-10.37,-59.7,-82.25,26.0,21,8.0,339.36,0,0.0,255,1.0,272,9.29,1.3,1400,244493.0,241722.6,0,15,NaN
2019/3/3/ 17:6:0,17:06:00,31,4,7,3450000,3450000,100,2,0.0,0.0,0.0,-82.97,19.91,-10.3,-59.74,-82.0,25.9375,22,8.16,363.504,0,0.0,255,1.0,272,3.57,1.0,1400,262177.9,260612.4,0,15,NaN
2019/3/3/ 17:6:1,17:06:01,31,4,7,3450000,3450000,100,2,0.0,0.0,0.0,-81.18,21.69,-10.68,-57.51,-81.0625,28.75,23,6.66,403.656,0,0.0,255,1.0,272,6.86,1.3,1400,287960.2,285990.2,0,15,NaN
2019/3/3/ 17:6:2,17:06:02,31,4,7,3450000,3450000,100,2,0.0,0.0,0.0,-82.32,21.12,-10.56,-58.76,-82.6875,26.0625,25,9.16,442.36,0,0.0,255,1.0,272,10.14,2.0,1400,279127.9,276030.0,0,15,NaN
2019/3/3/ 17:6:3,17:06:03,31,4,7,3450000,3450000,100,2,0.0,0.0,0.0,-84.97,18.07,-10.56,-61.43,-85.5625,23.9375,26,8.83,512.568,0,0.0,255,1.0,272,12.23,1.9,1398,273479.8,275362.6,0,15,NaN
2019/3/3/ 17:6:4,17:06:04,31,4,7,3450000,3450000,100,2,0.0,0.0,0.0,-85.59,16.77,-10.37,-62.06,-84.4375,24.6875,26,2.16,484.8,0,0.0,255,1.085,272,8.0,2.3,1400,327718.0,316724.0,0,15,NaN
2019/3/3/ 17:6:5,17:06:05,31,4,7,3450000,3450000,100,2,0.0,0.0,0.0,-85.42,16.25,-10.42,-61.98,-83.5625,25.0,26,0.66,483.184,0,0.0,255,1.0,272,6.79,2.0,1399,390730.2,382035.5,0,15,NaN
2019/3/3/ 17:6:6,17:06:06,31,4,7,3450000,3450000,100,2,0.0,0.0,0.0,-82.65,19.15,-10.5,-59.28,-82.4375,26.1875,26,0.16,484.8,0,0.0,255,1.0,272,11.08,2.0,1399,378660.9,378588.7,0,15,NaN
2019/3/3/ 17:6:7,17:06:07,31,4,7,3450000,3450000,100,2,0.0,0.0,0.0,-82.95,19.18,-10.37,-59.65,-82.875,25.625,26,0.0,484.8,0,0.0,255,1.0,272,8.57,2.0,1400,395062.9,390618.7,0,15,NaN
2019/3/3/ 17:6:8,17:06:08,31,4,7,3450000,3450000,100,2,0.0,0.0,0.0,-82.97,18.77,-10.66,-59.36,-82.625,25.875,26,2.0,484.8,0,0.0,255,1.0,272,9.43,2.0,1400,413680.7,411823.1,0,15,NaN
2019/3/3/ 17:6:9,17:06:09,31,4,7,3450000,3450000,100,2,0.0,0.0,0.0,-83.77,19.21,-10.66,-59.89,-83.125,25.875,26,1.0,484.8,0,0.0,255,1.0,272,8.72,2.0,1399,443039.8,436964.4,0,15,NaN
2019/3/3/ 17:6:10,17:06:10,31,4,7,3450000,3450000,100,2,0.0,0.0,0.0,-84.61,16.82,-10.92,-60.69,-83.0,26.125,26,0.5,484.8,0,0.0,255,1.0,272,10.12,2.0,1393,458059.3,454527.8,0,15,NaN
2019/3/3/ 17:6:11,17:06:11,31,4,7,3450000,3450000,100,2,0.0,0.0,0.0,-85.34,16.37,-10.92,-61.52,-83.5,25.75,26,0.5,483.184,0,0.0,255,1.0,272,9.44,2.0,1398,465543.1,461151.0,0,15,NaN
2019/3/3/ 17:6:12,17:06:12,31,4,7,3450000,3450000,100,2,0.0,0.0,0.0,-85.63,16.35,-10.98,-61.65,-83.5,25.75,26,0.0,484.8,0,0.0,255,1.0,272,9.17,2.0,1397,475333.4,472336.2,0,15,NaN
2019/3/3/ 17:6:13,17:06:13,31,4,7,3450000,3450000,100,2,0.0,0.0,0.0,-84.79,17.15,-10.93,-60.89,-82.375,26.75,26,0.5,483.184,0,0.0,255,1.0,272,9.93,2.0,1392,468842.1,469514.5,0,15,NaN
2019/3/3/ 17:6:14,17:06:14,31,4,7,3450000,3450000,100,2,0.0,0.0,0.0,-84.51,17.4,-11.03,-60.57,-83.1875,26.0,26,0.0,484.8,0,0.0,255,1.0,272,9.08,2.0,1397,469057.3,464716.1,0,15,NaN
2019/3/3/ 17:6:15,17:06:15,31,4,7,3450000,3450000,100,2,0.0,0.0,0.0,-84.76,16.73,-11.0,-60.87,-83.4375,25.6875,26,0.0,484.8,0,0.0,255,1.0,272,9.43,2.0,1398,449840.7,446696.5,0,15,NaN
2019/3/3/ 17:6:16,17:06:16,31,4,7,3450000,3450000,100,2,0.0,0.0,0.0,-84.71,16.42,-11.09,-60.63,-83.5625,25.6875,26,0.0,484.8,0,0.0,255,1.0,272,10.14,2.0,1400,445774.9,446020.6,0,15,NaN
2019/3/3/ 17:6:17,17:06:17,31,4,7,3450000,3450000,100,2,0.0,0.0,0.0,-85.46,15.41,-11.02,-61.47,-83.75,25.5,26,0.0,484.8,0,0.0,255,1.0,272,9.08,2.0,1400,448672.1,445251.9,0,15,NaN
2019/3/3/ 17:6:18,17:06:18,31,4,7,3450000,3450000,100,2,0.0,0.0,0.0,-84.47,16.06,-10.86,-60.64,-83.4375,25.6875,26,0.0,484.8,0,0.0,255,1.0,272,9.3,2.0,1397,472239.8,466811.2,0,15,NaN
2019/3/3/ 17:6:19,17:06:19,31,4,7,3450000,3450000,100,2,0.0,0.0,0.0,-84.4,16.02,-10.65,-60.64,-83.4375,25.6875,26,0.16,484.8,0,0.0,255,1.0,272,9.59,2.0,1398,469749.3,467656.0,0,15,NaN
2019/3/3/ 17:6:20,17:06:20,31,4,7,3450000,3450000,100,2,0.0,0.0,0.0,-85.62,15.26,-10.94,-61.72,-83.0625,25.9375,26,1.0,483.10400000000004,0,0.0,255,1.0,272,8.68,2.0,1394,475393.8,470215.7,0,15,NaN
2019/3/3/ 17:6:21,17:06:21,31,4,7,3450000,3450000,100,2,0.0,0.0,0.0,-84.37,16.79,-10.9,-60.56,-82.5,26.5625,26,0.66,483.184,0,0.0,255,1.0,272,10.26,2.0,1393,465080.7,463854.3,0,15,NaN
2019/3/3/ 17:6:22,17:06:22,31,4,7,3450000,3450000,100,2,0.0,0.0,0.0,-84.74,16.61,-10.95,-60.9,-82.8125,26.125,26,0.16,484.8,0,0.0,255,1.0,272,9.25,2.0,1396,470236.2,467326.5,0,15,NaN
2019/3/3/ 17:6:23,17:06:23,31,4,7,3450000,3450000,100,2,0.0,0.0,0.0,-84.54,16.99,-10.97,-60.58,-83.25,25.6875,26,0.0,484.8,0,0.0,255,1.0,272,9.29,2.0,1398,460462.9,456225.8,0,15,NaN
2019/3/3/ 17:6:24,17:06:24,31,4,7,3450000,3450000,100,2,0.0,0.0,0.0,-84.92,16.86,-10.95,-61.02,-83.375,25.6875,26,0.5,483.184,0,0.0,255,1.0,272,9.75,2.0,1395,468177.4,465163.8,0,15,NaN
2019/3/3/ 17:6:25,17:06:25,31,4,7,3450000,3450000,100,2,0.0,0.0,0.0,-84.48,17.11,-10.86,-60.78,-82.5625,26.375,26,0.0,484.8,0,0.0,255,1.0,272,9.37,2.0,1397,466136.9,460889.1,0,15,NaN
2019/3/3/ 17:6:26,17:06:26,31,4,7,3450000,3450000,100,2,0.0,0.0,0.0,-85.38,17.36,-10.42,-61.5,-83.5,25.5,26,0.66,483.10400000000004,0,0.0,255,1.0,272,9.94,2.0,1391,467488.8,472209.4,0,15,NaN
2019/3/3/ 17:6:27,17:06:27,31,4,7,3450000,3450000,100,2,0.0,0.0,0.0,-85.91,16.32,-10.6,-62.4,-82.0,26.625,26,1.17,481.56800000000004,0,0.0,255,1.0,272,9.16,2.0,1396,452219.2,450379.8,0,15,NaN
2019/3/3/ 17:6:28,17:06:28,31,4,7,3450000,3450000,100,2,0.0,0.0,0.0,-83.52,18.69,-10.62,-60.32,-81.75,26.5,26,0.0,484.8,0,0.0,255,1.0,272,9.64,2.0,1400,428350.6,424638.8,0,15,NaN
2019/3/3/ 17:6:29,17:06:29,31,4,7,3450000,3450000,100,2,0.0,0.0,0.0,-78.57,24.1,-10.31,-55.19,-80.25,26.625,26,0.0,484.8,0,0.0,255,1.0,272,8.64,1.9,1400,366334.6,369650.7,0,15,NaN
2019/3/3/ 17:6:30,17:06:30,31,4,7,3450000,3450000,100,2,0.0,0.0,0.0,-80.89,21.26,-10.37,-57.5,-83.5625,22.4375,26,4.0,484.8,0,0.0,255,1.0,272,9.29,2.0,1400,362297.3,360907.0,0,15,NaN
2019/3/3/ 17:6:31,17:06:31,31,4,7,3450000,3450000,100,2,0.0,0.0,0.0,-84.81,19.95,-10.37,-61.5,-82.9375,24.5625,26,9.66,466.48,0,0.0,255,1.0,272,15.14,2.0,1400,310759.2,321015.6,0,15,NaN
2019/3/3/ 17:6:32,17:06:32,31,4,7,3450000,3450000,100,2,0.0,0.0,0.0,-82.37,21.97,-10.17,-59.31,-82.5,23.9375,24,10.0,420.608,0,0.0,255,1.0,272,2.93,1.1,1400,264642.2,256929.0,0,15,NaN
2019/3/3/ 17:6:33,17:06:33,31,4,7,3450000,3450000,100,2,0.0,0.0,0.0,-81.81,20.66,-10.43,-58.55,-81.125,24.5625,24,8.16,427.88,0,0.0,255,1.0,272,3.86,1.0,1400,261628.8,263298.8,0,15,NaN
2019/3/3/ 17:6:34,17:06:34,31,4,7,3450000,3450000,100,2,0.0,0.0,0.0,-82.81,20.03,-10.31,-59.4,-81.625,25.875,24,9.33,436.392,0,0.0,255,1.0,272,9.57,1.8,1400,311663.5,297133.1,0,15,NaN
2019/3/3/ 17:6:35,17:06:35,31,4,7,3450000,3450000,100,2,0.0,0.0,0.0,-83.18,17.28,-10.55,-59.53,-83.5625,24.375,25,8.66,441.13599999999997,0,0.0,255,1.0,272,11.1,2.0,1396,431426.5,426176.3,0,15,NaN
2019/3/3/ 17:6:36,17:06:36,31,4,7,3450000,3450000,100,2,0.0,0.0,0.0,-79.46,23.15,-10.44,-56.0,-79.625,28.1875,24,10.0,430.704,0,0.0,255,1.0,272,7.71,2.0,1400,366995.6,366829.1,0,15,NaN
2019/3/3/ 17:6:37,17:06:37,31,4,7,3450000,3450000,100,2,0.0,0.0,0.0,-79.61,24.52,-10.5,-56.11,-78.5,29.125,23,10.33,401.952,0,0.0,255,1.0,272,9.43,2.0,1400,359785.6,363509.0,0,15,NaN
2019/3/3/ 17:6:38,17:06:38,31,4,7,3450000,3450000,100,2,0.0,0.0,0.0,-78.74,23.41,-10.31,-55.45,-79.0,27.5,22,9.66,361.68,0,0.0,255,1.0,272,5.86,1.4,1400,269954.7,271806.0,0,15,NaN
2019/3/3/ 17:6:39,17:06:39,31,4,7,3450000,3450000,100,2,0.0,0.0,0.0,-78.3,22.92,-10.37,-54.82,-79.1875,26.375,21,8.83,360.67199999999997,0,0.0,255,1.0,272,0.93,1.0,1400,270730.5,268916.8,0,15,NaN
2019/3/3/ 17:6:40,17:06:40,31,4,7,3450000,3450000,100,2,0.0,0.0,0.0,-79.13,21.05,-10.31,-55.74,-79.5,25.625,21,9.33,350.16,0,0.0,255,1.0,272,3.36,1.1,1400,263776.7,263417.1,0,15,NaN
2019/3/3/ 17:6:41,17:06:41,31,4,7,3450000,3450000,100,2,0.0,0.0,0.0,-80.19,22.5,-10.37,-56.81,-79.75,24.625,21,9.66,343.152,0,0.0,255,1.0,272,9.14,1.1,1400,248625.4,246504.2,0,15,NaN
2019/3/3/ 17:6:42,17:06:42,31,4,7,3450000,3450000,100,2,0.0,0.0,0.0,-80.55,22.7,-10.31,-56.96,-78.375,26.25,21,8.16,336.528,0,0.0,255,1.0,272,8.07,1.4,1400,249842.4,247788.3,0,15,NaN
2019/3/3/ 17:6:43,17:06:43,31,4,7,3450000,3450000,100,2,0.0,0.0,0.0,-78.24,22.92,-10.18,-55.0,-78.375,27.0,21,10.33,343.92,0,0.0,255,1.0,272,0.0,1.0,1400,272952.4,271527.2,0,15,NaN
2019/3/3/ 17:6:44,17:06:44,31,4,7,3450000,3450000,100,2,0.0,0.0,0.0,-78.12,21.21,-10.37,-54.84,-77.75,28.375,20,10.5,312.91200000000003,0,0.0,255,1.0,272,2.86,1.0,1400,267137.8,266052.9,0,15,NaN
2019/3/3/ 17:6:45,17:06:45,31,4,7,3450000,3450000,100,2,0.0,0.0,0.0,-79.55,18.79,-10.43,-56.02,-79.0625,26.25,19,8.5,301.2,0,0.0,255,1.0,272,10.0,1.8,1400,253472.6,252324.9,0,15,NaN
2019/3/3/ 17:6:46,17:06:46,31,4,7,3450000,3450000,100,2,0.0,0.0,0.0,-79.82,20.13,-10.5,-56.27,-77.8125,27.0,20,8.83,323.712,0,0.0,255,1.0,272,1.0,1.0,1400,269920.8,267244.0,0,15,NaN
2019/3/3/ 17:6:47,17:06:47,31,4,7,3450000,3450000,100,2,0.0,0.0,0.0,-76.87,22.57,-10.49,-53.3,-76.75,26.6875,20,8.83,323.952,0,0.0,255,1.0,272,1.64,1.1,1400,269504.5,268105.8,0,15,NaN
2019/3/3/ 17:6:48,17:06:48,31,4,7,3450000,3450000,100,2,0.0,0.0,0.0,-77.59,22.55,-10.31,-54.22,-75.3125,28.5625,21,8.33,339.504,0,0.0,255,1.0,272,1.64,1.0,1400,268590.2,266990.6,0,15,NaN
2019/3/3/ 17:6:49,17:06:49,31,4,7,3450000,3450000,100,2,0.0,0.0,0.0,-76.54,23.86,-10.43,-53.04,-74.6875,29.1875,21,9.5,345.408,0,0.0,255,1.0,272,1.14,1.0,1400,270655.8,268840.7,0,15,NaN
2019/3/3/ 17:6:50,17:06:50,31,4,7,3450000,3450000,100,2,0.0,0.0,0.0,-74.53,26.17,-10.31,-51.08,-73.9375,30.9375,21,9.0,355.48800000000006,0,0.0,255,1.0,272,2.79,1.4,1400,300395.0,294184.7,0,15,NaN
2019/3/3/ 17:6:51,17:06:51,31,4,7,3450000,3450000,100,2,0.0,0.0,0.0,-75.56,27.12,-10.3,-52.16,-74.625,31.625,22,8.66,376.32,0,0.0,255,1.0,272,8.79,2.0,1400,399055.2,390812.9,0,15,NaN
2019/3/3/ 17:6:52,17:06:52,31,4,7,3450000,3450000,100,2,0.0,0.0,0.0,-75.65,25.62,-10.68,-52.11,-76.1875,30.1875,23,7.66,408.48,0,0.0,255,1.0,272,9.71,2.0,1400,384291.3,381461.0,0,15,NaN
2019/3/3/ 17:6:53,17:06:53,31,4,7,3450000,3450000,100,2,0.0,0.0,0.0,-77.08,24.8,-10.56,-53.74,-78.1875,30.4375,24,8.0,431.584,0,0.0,255,1.0,272,10.29,2.0,1400,388082.5,384798.0,0,15,NaN
2019/3/3/ 17:6:54,17:06:54,31,4,7,3450000,3450000,100,2,0.0,0.0,0.0,-77.16,23.68,-10.43,-54.04,-79.5625,28.3125,25,7.5,460.336,0,0.0,255,1.0,272,10.9,2.0,1395,437869.5,437935.9,0,15,NaN
2019/3/3/ 17:6:55,17:06:55,31,4,7,3450000,3450000,100,2,0.0,0.0,0.0,-78.7,23.69,-10.61,-55.21,-78.625,29.5,26,0.16,484.68,0,0.0,255,1.0,272,10.45,2.1,1397,452932.3,445851.7,0,15,NaN
2019/3/3/ 17:6:56,17:06:56,31,4,7,3450000,3450000,100,2,0.0,0.0,0.0,-76.04,27.24,-10.69,-52.29,-73.875,34.8125,26,0.66,484.8,0,0.0,255,1.0,272,7.58,2.0,1398,460580.0,460644.1,0,15,NaN
2019/3/3/ 17:6:57,17:06:57,31,4,7,3450000,3450000,100,2,0.0,0.0,0.0,-74.89,29.26,-10.5,-51.22,-72.5625,36.1875,26,0.0,484.8,0,0.0,255,1.0,272,7.07,2.0,1400,393206.9,392249.1,0,15,NaN
2019/3/3/ 17:6:58,17:06:58,31,4,7,3450000,3450000,100,2,0.0,0.0,0.0,-75.21,31.1,-10.56,-51.78,-75.5625,34.0,26,0.0,484.8,0,0.0,255,1.0,272,5.65,2.0,1400,486632.8,478891.8,0,15,NaN
2019/3/3/ 17:6:59,17:06:59,31,4,7,3450000,3450000,100,2,0.0,0.0,0.0,-75.89,31.36,-10.5,-52.34,-73.6875,35.25,26,0.0,484.8,0,0.0,255,1.0,272,5.51,2.0,1396,508476.7,500147.0,0,15,NaN
2019/3/3/ 17:7:0,17:07:00,31,4,7,3450000,3450000,100,2,0.0,0.0,0.0,-75.63,27.6,-10.62,-52.0,-76.125,33.5625,26,0.0,484.8,0,0.0,255,1.0,272,5.22,2.0,1398,512328.5,509186.3,0,15,NaN
2019/3/3/ 17:7:1,17:07:01,31,4,7,3450000,3450000,100,2,0.0,0.0,0.0,-75.12,26.87,-10.56,-51.68,-77.5625,32.6875,26,4.33,526.4,0,0.0,255,1.0,272,0.43,2.0,1400,543548.3,538661.4,0,15,NaN
2019/3/3/ 17:7:2,17:07:02,31,4,7,3450000,3450000,100,2,0.0,0.0,0.0,-78.57,22.29,-10.69,-54.78,-79.0625,29.75,26,0.0,484.8,0,0.0,255,1.086667,272,2.43,2.0,1400,531241.1,527763.5,0,15,NaN
2019/3/3/ 17:7:3,17:07:03,31,4,7,3450000,3450000,100,2,0.0,0.0,0.0,-80.59,20.0,-10.49,-56.81,-79.3125,29.3125,26,0.0,484.8,0,0.0,255,1.0,272,5.36,2.0,1400,514908.6,515480.1,0,15,NaN
2019/3/3/ 17:7:4,17:07:04,31,4,7,3450000,3450000,100,2,0.0,0.0,0.0,-80.71,19.73,-10.47,-56.42,-78.9375,30.1875,26,0.0,484.8,0,0.0,255,1.0,272,2.14,2.0,1400,533567.4,529351.7,0,15,NaN
2019/3/3/ 17:7:5,17:07:05,31,4,7,3450000,3450000,100,2,0.0,0.0,0.0,-77.9,21.94,-10.37,-54.63,-77.375,31.6875,26,0.0,484.8,0,0.0,255,1.0,272,1.07,2.0,1399,539221.8,533651.8,0,15,NaN
2019/3/3/ 17:7:6,17:07:06,31,4,7,3450000,3450000,100,2,0.0,0.0,0.0,-77.69,23.6,-10.62,-54.15,-75.75,32.75,26,0.0,484.8,0,0.0,255,1.0,272,1.79,2.0,1400,534292.9,531573.5,0,15,NaN
2019/3/3/ 17:7:7,17:07:07,31,4,7,3450000,3450000,100,2,0.0,0.0,0.0,-76.61,23.5,-10.49,-52.96,-76.0625,32.5,26,0.0,484.8,0,0.0,255,1.0,272,0.43,2.0,1400,543400.9,540266.5,0,15,NaN
